name	location	kind	frame	typed_over	status	statement	note
ASection.c2_analyticAt	Concentricity/ASection.lean:83	field	ANALYTIC-SUPPORT	stem	def	∀ p z, Ω₀ < z.re → AnalyticAt ℂ (ℓ p) z — C2: members slice-regular on Ω₀.	
ASection.c2_zero_free	Concentricity/ASection.lean:85	field	ANALYTIC-SUPPORT	stem	def	∀ p z, Ω₀ < z.re → ℓ p z ≠ 0 — C2: each zero-free on Ω₀.	
ASection.c2_summable	Concentricity/ASection.lean:88	field	ANALYTIC-SUPPORT	stem	def	∀ z, Ω₀ < z.re → Summable (fun p => ℓ p z) — bare/unconditional Summable per the recon ruling.	
ASection.c2_locMajorant	Concentricity/ASection.lean:100	field	ANALYTIC-SUPPORT	stem	def	∀ z, Ω₀ < z.re → ∃ r > 0, ∃ summable u, ∀ p, ∀ w ∈ ball z r, ‖ℓ p w‖ ≤ u p — §4α locally-normal convergence of the Euler family.	§4α author-ruled transcription clarification 2026-07-04 (Titchmarsh register); class unchanged.
ASection.c3_R_entire	Concentricity/ASection.lean:119	field	ANALYTIC-SUPPORT	stem	def	Differentiable ℂ Rfac — C3: R entire at stem level.	
ASection.c3_g_entire	Concentricity/ASection.lean:129	field	ANALYTIC-SUPPORT	stem	def	Differentiable ℂ gfac — C3: g entire.	
ASection.c3_multipliable	Concentricity/ASection.lean:135	field	ANALYTIC-SUPPORT	stem	def	∀ z, Multipliable (fun n => spherePrimary (genus n) (sphereZero n) z) — bare/unconditional per recon ruling.	
ASection.c3_locMajorant	Concentricity/ASection.lean:140	field	ANALYTIC-SUPPORT	stem	def	∀ z ≠ pole, ∃ r > 0, ∃ summable u, ‖spherePrimary (genus n) (sphereZero n) w − 1‖ ≤ u n on ball z r — §4α locally-normal convergence of the product.	§4α clarification, AdF/prop:weierstrass register.
ASection.c3_lowerEdge	Concentricity/ASection.lean:154	field	ANALYTIC-SUPPORT	stem	def	∃ βlo : ℝ, ∀ k, βlo ≤ (sphereZero k).re — the divisor's real parts bounded below (L4 lower edge, C-1 fork ruling (β)).	CLARIFICATION-PENDING-DERIVATION; R9 price of deletion quoted verbatim; ζ instantiates via its strip (member-private).
ASection.zero_free_on_halfSpace	Concentricity/ASection.lean:207	theorem	ANALYTIC-SUPPORT	stem	proved	A.Ω₀ < z.re → A.F z ≠ 0 — C2's closing clause: A is zero-free on Ω₀ (exp never vanishes).	DERIVED register (R10).
ASection.great_circle_value_degenerate	Concentricity/FaithfulApply.lean:173	theorem	ANALYTIC-SUPPORT	stem	proved	At real x with (F x).re<0, F(x) = -(‖F x‖:C): the section's negative great-circle values ARE degenerate values.	From real_on_real (intrinsicality); feeds the lift-through-degenerate row.
sign_pm_of_ne_zero	Concentricity/FlipWeld.lean:102	theorem	ANALYTIC-SUPPORT	generic	proved	x ≠ 0 → Real.sign x = 1 ∨ Real.sign x = -1.	unit-sign helper feeding the flip/signature ledger.
neg_one_zpow_pm	Concentricity/FlipWeld.lean:109	theorem	ANALYTIC-SUPPORT	generic	proved	(-1 : ℝ)^j = 1 ∨ (-1 : ℝ)^j = -1 for j : ℤ.	unit-sign helper for band-ledger equations.
pm_resolve_neq	Concentricity/FlipWeld.lean:115	theorem	ANALYTIC-SUPPORT	generic	proved	If s, z ∈ {1, -1} and s ≠ z then s = -z — two distinct unit signs are opposite.	resolves flip vs bounce dichotomy arithmetic.
stem_sign_eq_on_free	Concentricity/FlipWeld.lean:127	theorem	ANALYTIC-SUPPORT	stem	proved	If (γ u).im ≠ 0 for all u in (v,w), then Real.sign (γ u₁).im = Real.sign (γ u₂).im for any u₁,u₂ in (v,w) — IVT sign constancy along obstruction-free arcs.	the mechanism behind Def 5.2's one-sided limits on the stem.
obstruction_free_left	Concentricity/FlipWeld.lean:161	theorem	ANALYTIC-SUPPORT	stem	proved	Finite obstructionSet γ, 0 < t: ∃ v < t with (γ u).im ≠ 0 on (v,t) — a left window free of obstruction parameters.	Def 5.1/5.2 isolation of crossings, left window; Finset max' argument.
obstruction_free_right	Concentricity/FlipWeld.lean:183	theorem	ANALYTIC-SUPPORT	stem	proved	Finite obstructionSet γ, t < 1: ∃ w > t with (γ u).im ≠ 0 on (t,w) — a right window free of obstruction parameters.	right twin of obstruction_free_left.
conjLoop	Concentricity/FlipWeld.lean:646	def	ANALYTIC-SUPPORT	stem	def	conjLoop γ : C(unitInterval, ℂ) := t ↦ conj (γ t) — the reflection of a stem loop across ℝ.	mirror move for the descending flip-producer face; slice picture conjugation-symmetric.
weierstrassE_conj	Concentricity/FlipWeld.lean:876	theorem	ANALYTIC-SUPPORT	stem	proved	weierstrassE p (conj w) = conj (weierstrassE p w) — the elementary factor is conjugation-equivariant (real coefficients).	feeds spherePrimary collapse on ℝ.
spherePrimary_ofReal	Concentricity/FlipWeld.lean:890	theorem	ANALYTIC-SUPPORT	stem	proved	spherePrimary p a x = (normSq (weierstrassE p (x/a)) : ℝ) as a complex for real x — the conjugate stem pair of C3's factor collapses to |·|² on ℝ.	sphere-factor square-modulus identity on ℝ.
spherePrimary_ofReal_im	Concentricity/FlipWeld.lean:899	theorem	ANALYTIC-SUPPORT	stem	proved	(spherePrimary p a x).im = 0 at real x.	sphere factors real on ℝ.
spherePrimary_ofReal_nonneg	Concentricity/FlipWeld.lean:904	theorem	ANALYTIC-SUPPORT	stem	proved	0 ≤ (spherePrimary p a x).re at real x.	sphere factors nonnegative on ℝ.
spherePrimary_ofReal_pos	Concentricity/FlipWeld.lean:915	theorem	ANALYTIC-SUPPORT	stem	proved	a.im ≠ 0 ⇒ 0 < (spherePrimary p a x).re at real x — the sphere factor of a NON-REAL zero is strictly positive on ℝ.	the levels' carriers are invisible to Def 5.7 σ-inputs at real crossings.
re_mul_of_im_eq_zero	Concentricity/FlipWeld.lean:927	theorem	ANALYTIC-SUPPORT	generic	proved	z.im = 0 and w.im = 0 give (z·w).re = z.re·w.re and (z·w).im = 0.	real-product helper for the sign chain.
ASection.sphereTail_real_nonneg	Concentricity/FlipWeld.lean:936	theorem	ANALYTIC-SUPPORT	stem	proved	The full C3 sphere tail ∏' n, spherePrimary (genus n) (sphereZero n) x has im = 0 and re ≥ 0 at real x.	over ASection; closed-set limit via c3_multipliable; the whole residue-ℂ divisor is sign-invisible on ℝ.
ASection.exp_gfac_real_pos	Concentricity/FlipWeld.lean:960	theorem	ANALYTIC-SUPPORT	stem	proved	exp (A.gfac x) has im = 0 and re > 0 at real x — the entire factor e^g is real and strictly positive on ℝ.	uses c3_g_intrinsic via StemRing.real_on_real.
odd_rung_rigidity	Concentricity/InboxWire.lean:187	theorem	ANALYTIC-SUPPORT	stem	proved	A continuous f : unitInterval → ℝ taking only odd-rung values (2k+1)π on [a,b] is constant there — IVT crossing of an even rung is parity-forbidden.	no covering theory consumed; the stretch's own connectedness
ASection.tape_continuousOn_real	Concentricity/IntegrateTheorem.lean:127	theorem	ANALYTIC-SUPPORT	stem	proved	log‖F(y)‖ is ContinuousOn any real set avoiding the pole where F≠0.	Author correction (1): the level extends continuously wherever value ≠ 0.
ASection.real_segment_tape_sweeps	Concentricity/IntegrateTheorem.lean:144	theorem	ANALYTIC-SUPPORT	stem	proved	On a zero-free pole-avoiding real segment [u,v], every level L between the endpoint tape values log‖F(u)‖, log‖F(v)‖ is attained at some y in [u,v].	IVT on the great-circle leg; quantitative content of tape continuity.
ASection.liSum_first_family_of_supLevel_le	Concentricity/KernelE4.lean:186	theorem	ANALYTIC-SUPPORT	stem	proved	For supLevel ≤ β: ∀ a < β, ∀ n ≥ 1, 0 ≤ A.liSum a β n. Boundary zeros contribute 2(1−cos nθ) ≥ 0; interior zeros strictly near-sided (ratio modulus < 1).	Generalizes liSum_first_side (β = Ω₀+1); the sharp first-family region [supLevel, ∞).
ASection.liSum_second_family_of_le_infLevel	Concentricity/KernelE4.lean:216	theorem	ANALYTIC-SUPPORT	stem	proved	For β ≤ infLevel: ∀ a > β, ∀ n ≥ 1, 0 ≤ A.liSum a β n — the exact mirror family on (−∞, infLevel].	Generalizes liSum_second_side (β = βlo − 1).
ASection.liSum_first_family_at_supLevel	Concentricity/KernelE4.lean:249	theorem	ANALYTIC-SUPPORT	stem	proved	∀ a < A.supLevel, ∀ n ≥ 1, 0 ≤ A.liSum a A.supLevel n: the first family at the section's own top mirror line, outright.	Instance β := supLevel of the family row.
ASection.liSum_second_family_at_infLevel	Concentricity/KernelE4.lean:255	theorem	ANALYTIC-SUPPORT	stem	proved	∀ a > A.infLevel, ∀ n ≥ 1, 0 ≤ A.liSum a A.infLevel n: the second family at the bottom level, outright.	Mirror instance β := infLevel.
ASection.supLevel_mem_closure	Concentricity/KernelE4.lean:334	theorem	ANALYTIC-SUPPORT	stem	proved	A.supLevel ∈ closure A.levelSet.	csSup_mem_closure.
ASection.exists_levels_tendsto_supLevel	Concentricity/KernelE4.lean:341	theorem	ANALYTIC-SUPPORT	stem	proved	∃ φ : ℕ → ℕ, (fun j => (A.sphereZero (φ j)).re) → A.supLevel: a level-maximizing sequence of enumerated zeros exists.	mem_closure_iff_seq_limit + choice over the range.
liKernel	Concentricity/LiKernel.lean:42	def	ANALYTIC-SUPPORT	stem	def	K(n,a,β;z) = 1 − ((z−a)/(z−(2β−a)))^n : ℂ — the anchor-pair Möbius kernel, mirror-symmetric about Re = β; all parameters real and bound.	D0 kernel of the B2.2 BL ladder (DESIGN_B2_2_kernels.md); pure ℂ, base-agnostic; consumed by liSum and all D1–D3 rows.
ASection.liSum	Concentricity/LiKernel.lean:52	def	ANALYTIC-SUPPORT	stem	def	liSum A a β n := ∑' k, 2·Re(liKernel n a β (A.sphereZero k)) : ℝ — the conjugate-paired kernel sum read over the enumerated divisor.	D0 sum; reads the zero divisor (OBJ-zero adjacent); totality genuine — kernel pole real, every sphereZero has im > 0.
liRatio	Concentricity/LiKernel.lean:77	def	ANALYTIC-SUPPORT	stem	def	liRatio a β z := (z − a)/(z − (2β − a)) : ℂ — the anchor-pair Möbius ratio; liKernel = 1 − liRatio^n definitionally.	Unit circle of the ratio = the mirror line Re = β; the modulus trichotomy engine.
liKernel_eq_ratio	Concentricity/LiKernel.lean:80	theorem	ANALYTIC-SUPPORT	stem	proved	liKernel n a β z = 1 − liRatio a β z ^ n (rfl).	Definitional unfolding row connecting kernel to ratio; used throughout.
liRatio_num_ne_zero	Concentricity/LiKernel.lean:85	theorem	ANALYTIC-SUPPORT	stem	proved	z.im ≠ 0 → z − (a : ℂ) ≠ 0 for real a — the ratio numerator is nonzero off the real axis.	Junk-value hygiene: no division by zero, totality genuine.
liRatio_den_ne_zero	Concentricity/LiKernel.lean:94	theorem	ANALYTIC-SUPPORT	stem	proved	z.im ≠ 0 → z − (2β − a : ℂ) ≠ 0 — the mirror anchor is real, so the denominator is nonzero off ℝ.	Junk-value hygiene twin of the numerator row.
liRatio_ne_zero	Concentricity/LiKernel.lean:102	theorem	ANALYTIC-SUPPORT	stem	proved	z.im ≠ 0 → liRatio a β z ≠ 0.	Combines num/den nonvanishing; feeds the direction-normalization in the D1/D2 engines.
normSq_anchor_sub_mirror	Concentricity/LiKernel.lean:110	theorem	ANALYTIC-SUPPORT	stem	proved	‖z − a‖² − ‖z − (2β − a)‖² = 4(β − a)(Re z − β) — the key identity: squared-distance difference to the anchor pair reads the side of the mirror line.	Mission D1's key identity; drives the modulus trichotomy (=1 on the line, <1 near side, >1 wrong side).
liRatio_norm_eq_one	Concentricity/LiKernel.lean:120	theorem	ANALYTIC-SUPPORT	stem	proved	z.im ≠ 0, Re z = β → ‖liRatio a β z‖ = 1 — on the mirror line the ratio is unimodular.	The (⟸) engine of finite_BL: unimodular ratio gives 2(1 − cos nθ) ≥ 0 termwise.
liRatio_norm_lt_one	Concentricity/LiKernel.lean:135	theorem	ANALYTIC-SUPPORT	stem	proved	z.im ≠ 0, (β − a)(Re z − β) < 0 → ‖liRatio a β z‖ < 1 — near side of the mirror gives sub-unimodular ratio.	The D3 case; consumed by liSum_first_side and liSum_second_side.
one_lt_liRatio_norm	Concentricity/LiKernel.lean:150	theorem	ANALYTIC-SUPPORT	stem	proved	z.im ≠ 0, 0 < (β − a)(Re z − β) → 1 < ‖liRatio a β z‖ — wrong side of the mirror gives super-unimodular ratio.	The contrapositive's engine; side classification is a-independent per the key identity.
liKernel_re_nonneg	Concentricity/LiKernel.lean:165	theorem	ANALYTIC-SUPPORT	stem	proved	z.im ≠ 0, Re z = β → 0 ≤ Re(liKernel n a β z) — mirror-line termwise positivity, the 2(1 − cos nθ) ≥ 0 form.	Termwise half of finite_BL's (⟸) direction.
exists_pow_forall_norm_sub_one_lt	Concentricity/LiKernel.lean:183	theorem	ANALYTIC-SUPPORT	generic	proved	Finitely many unit ω ∈ Finset ℂ return jointly near 1: ∀ ε > 0, N, ∃ n ≥ max(N,1), ∀ ω ∈ t, ‖ω^n − 1‖ < ε.	The simultaneous return (Dirichlet/pigeonhole in metric form via compact torus); R5 record: no simultaneous Dirichlet lemma in Mathlib pin.
exists_liKernel_sum_neg	Concentricity/LiKernel.lean:242	theorem	ANALYTIC-SUPPORT	stem	proved	Multiset S off ℝ with one element z₀ strictly wrong-sided ((β−a)(Re z₀−β) > 0) → ∃ n ≥ 1 with the mapped kernel sum over S negative.	D1 contrapositive engine: at a simultaneous return, wrong-sided r^n outgrows 2·card S.
finite_BL	Concentricity/LiKernel.lean:342	theorem	ANALYTIC-SUPPORT	stem	proved	Finite-multiset Bombieri–Lagarias: for S ⊂ ℂ off ℝ, two-sided kernel-sum positivity (all a < β and a > β, all n ≥ 1) ⟺ ∀ z ∈ S, Re z = β.	D1, ladder L2; fidelity note: im ≠ 0 strengthens the BL source's two-point avoidance (author rider 1, 2026-07-04).
summable_inv_one_add_norm_sq_center_shift	Concentricity/LiKernel.lean:422	theorem	ANALYTIC-SUPPORT	generic	proved	Summable 1/(1+‖ρk − c‖²) at one real center c → summable at every real center c′ (explicit comparison constant 2 + 2(c′−c)²).	C-1 step (3): center-shift stability of quadratic point-density; makes the density goal center-free.
norm_one_add_pow_sub_one_sub_mul_le	Concentricity/LiKernel.lean:447	theorem	ANALYTIC-SUPPORT	generic	proved	For ‖w‖ ≤ D, 1 ≤ D: ‖(1+w)^n − 1 − n·w‖ ≤ ‖w‖²(1+D)^n — the paired binomial tail bound, quadratic remainder after j = 0,1.	C-1 step (4): isolates the one Re-needing j = 1 term; quadratic remainder absorbed by the point-density.
ASection.blDensity_of_density	Concentricity/LiKernel.lean:513	theorem	ANALYTIC-SUPPORT	stem	proved	Quadratic density at one center → Σk (1+|Re ρk|)/(1+‖ρk − c‖²) < ∞ at every real center c (the strip bounds the numerator).	Sekatskii (ii) in-frame — exactly Theorem 2's convergence condition (READ_weil_li_findings.md); consumes the strip rows.
ASection.liSum_summable_of_density	Concentricity/LiKernel.lean:544	theorem	ANALYTIC-SUPPORT	stem	proved	Quadratic density of the divisor at the mirror anchor 2β − a → Summable (2·Re K(n,a,β; sphereZero k)) — C-1's summability from density.	C-1 steps (3)+(4) assembled: strip bounds the j = 1 term, binomial tail majorized outright.
ASection.liSum_summable_of_density_at	Concentricity/LiKernel.lean:694	theorem	ANALYTIC-SUPPORT	stem	proved	Quadratic density at ONE real center c₀ → summability of the kernel terms for every anchor pair (a,β) and every n.	Single-center C-1 reduction = center-shift + the paired binomial comparison; consumed by liSum_summable at c₀ = 0.
ASection.liSum_summable	Concentricity/LiKernel.lean:717	theorem	ANALYTIC-SUPPORT	stem	proved	For every A : ASection, a β n: Summable (fun k => 2·Re(liKernel n a β (A.sphereZero k))) — D0 closed from c3_atN.	D0 CLOSED (2026-07-06): C3's own convergence clause through N discharges it; lifts the burn-order fence for D3/D2.
ASection.liSum_first_side	Concentricity/LiKernel.lean:732	theorem	ANALYTIC-SUPPORT	stem	proved	∃ β (namely Ω₀ + 1), ∀ a < β, ∀ n ≥ 1: 0 ≤ A.liSum a β n — one-sided kernel positivity above the upper edge.	D3, ladder L1: C2 zero-freeness puts every zero on the near side; makes 'the remaining gap = the second side' literal.
norm_one_add_pow_sub_one_sub_mul_le'	Concentricity/LiKernel.lean:774	theorem	ANALYTIC-SUPPORT	generic	proved	Small-deviation binomial tail: for 0 < D, ‖w‖ ≤ D: ‖(1+w)^n − 1 − n·w‖ ≤ (‖w‖²/D²)(1+D)^n — base 1+D arbitrarily close to 1.	Private D2 helper: sharp-base variant paying an n-free 1/D² factor; lets the tail base sit under the wrong-sided r.
liKernel_re_tail_bound	Concentricity/LiKernel.lean:845	theorem	ANALYTIC-SUPPORT	stem	proved	At distance ≥ X₀ ≥ 1 from the mirror anchor c = 2β − a, with strip bound Mst: |2·Re K| ≤ 4(n|d|Mst + X₀²(1+|d|/X₀)^n)/(1+‖z−c‖²).	Private D2 tail per-term bound with the SHARP deviation base 1+|d|/X₀ shrinking to 1 as the threshold grows.
exists_liKernel_sum_neg_slack	Concentricity/LiKernel.lean:972	theorem	ANALYTIC-SUPPORT	stem	proved	Slack-carrying D1 engine: wrong-sided z₀ ∈ S, slack C₁·n + C₂·b^n with b < ‖liRatio a β z₀‖ → ∃ n ≥ 1 with head sum + slack < 0.	Private: r^n dominates card, n-linear, and sub-r-geometric slack; the D2 head/tail comparison's engine.
ASection.exists_liSum_neg	Concentricity/LiKernel.lean:1132	theorem	ANALYTIC-SUPPORT	stem	proved	An enumerated zero strictly wrong-sided of the mirror ((β−a)(Re sphereZero k₀ − β) > 0) → ∃ n ≥ 1, A.liSum a β n < 0.	D2 limit passage, negativity form (private): head/tail split of the GENUINE convergent sum at a density threshold; junk-tsum hygiene honored.
ASection.liSum_second_side	Concentricity/LiKernel.lean:1301	theorem	ANALYTIC-SUPPORT	stem	proved	∃ β (namely βlo − 1), ∀ a > β, ∀ n ≥ 1: 0 ≤ A.liSum a β n — one-sided positivity below the lower edge, mirror of D3.	Runs on c3_lowerEdge in place of re_le_upperEdge; docstring records the open node: ONE β serving both sides.
Octonion.instIsTopologicalAddGroup (anonymous instance)	Concentricity/LogManifold.lean:109	instance	ANALYTIC-SUPPORT	domain-H1	proved	Octonion (as the Cayley-Dickson pair Quaternion R x Quaternion R with Prod topology) is a topological additive group.	Section 0 continuity supplement; DERIVED (R10); inferInstanceAs pattern of WeldW3 W0. Plain Octonion carrier.
Octonion.continuous_re	Concentricity/LogManifold.lean:113	theorem	ANALYTIC-SUPPORT	domain-H1	proved	The real-part coordinate re : O -> R is continuous (first quaternion component's re).	DERIVED; componentwise from Quaternion.continuous_re. Feeds continuous_im and the lift rows.
Octonion.continuous_normSq	Concentricity/LogManifold.lean:119	theorem	ANALYTIC-SUPPORT	domain-H1	proved	normSq : O -> R (sum of the two quaternionic normSq) is continuous.	DERIVED; feeds continuous_norm.
Octonion.continuous_norm	Concentricity/LogManifold.lean:126	theorem	ANALYTIC-SUPPORT	domain-H1	proved	The Euclidean norm on O is continuous (sqrt of normSq).	DERIVED; backbone of every level-tape continuity row.
Octonion.continuous_ofReal	Concentricity/LogManifold.lean:130	theorem	ANALYTIC-SUPPORT	domain-H1	proved	The real embedding ofReal : R -> O is continuous.	DERIVED; used by real_segment_lift_neg/pos and Llog continuity.
Octonion.continuous_im	Concentricity/LogManifold.lean:135	theorem	ANALYTIC-SUPPORT	domain-H1	proved	The imaginary-part map im : O -> O is continuous: im x = x - ofReal (re x).	DERIVED; carries the continuity of the E+-lift's second factor in isLift_of_continuation.
Octonion.norm_smul	Concentricity/NormalizedBase.lean:123	theorem	ANALYTIC-SUPPORT	domain-H1	proved	norm (r • x) = |r| * norm x for r : ℝ, x : Octonion.	General form of norm_smul_unit.
Octonion.norm_sliceEmbed_sub_sliceEmbed	Concentricity/NormalizedBase.lean:131	theorem	ANALYTIC-SUPPORT	domain-H1	proved	norm (sliceEmbed I z − sliceEmbed J z) = |z.im| * norm (I − J): two worlds' readings differ linearly in the distance to the circle.	The sphere-continuum-collapse geometry; worlds coincide at Im z = 0.
ASection.Rfac_ne_zero_of_re_gt	Concentricity/PairingE2.lean:180	theorem	ANALYTIC-SUPPORT	stem	proved	If A.Ω₀ < z.re then A.Rfac z ≠ 0: the C3 real skeleton is nonvanishing on the half-space (its zeros are real; a zero there would be a stem zero in C2's zero-free region).	Consumes c3_factorization + c3_R_zeros_real + zero_free_on_halfSpace.
ASection.sphereTail_ne_zero	Concentricity/PairingE2.lean:304	theorem	ANALYTIC-SUPPORT	stem	proved	Off the pole, if every off-head primary factor is nonzero at z then sphereTail s z ≠ 0 (majorant + tprod_ne_zero_of_norm_sub_one_le).	Nonvanishing of the infinite tail.
ASection.sphereComplement_ne_zero	Concentricity/PairingE2.lean:325	theorem	ANALYTIC-SUPPORT	stem	proved	sphereComplement s z ≠ 0 wherever z ≠ pole, z ≠ 0, Rfac z ≠ 0 and the off-head primary factors are nonzero.	Visible-factor nonvanishing assembled.
ASection.sphereComplement_analyticAt	Concentricity/PairingE2.lean:337	theorem	ANALYTIC-SUPPORT	stem	proved	AnalyticAt ℂ (A.sphereComplement s) z for z ≠ pole: the tail converges locally normally (Weierstrass convergence), finite factors entire, pole factor invertible.	Uses MultipliableLocallyUniformlyOn machinery on the majorant ball.
logDeriv_spherePrimary_peel	Concentricity/PairingE2.lean:439	theorem	ANALYTIC-SUPPORT	stem	proved	Away from the conjugate pair, logDeriv (spherePrimary p a) z = (z − a)⁻¹ + logDeriv (sphereUnit p a) z: the primary factor's log-derivative peels its simple pole.	Top-level (no ASection); fiber-peeling row from StemFactorization.lean.
analyticAt_logDeriv	Concentricity/PairingE2.lean:454	theorem	ANALYTIC-SUPPORT	generic	proved	AnalyticAt ℂ f z and f z ≠ 0 imply AnalyticAt ℂ (logDeriv f) z.	Generic helper (deriv/div); top-level, no ASection.
ASection.tendsto_head_sums_liSum	Concentricity/PairingE2.lean:693	theorem	ANALYTIC-SUPPORT	stem	proved	Along any eventually-covering finset sequence s j, Σ_{k∈s j} 2·Re(liKernel n a β (sphereZero k)) → A.liSum a β n.	liSum_summable (D0) read through the HasSum filter.
ASection.exists_exhausting_disks	Concentricity/PairingE2.lean:768	theorem	ANALYTIC-SUPPORT	stem	proved	∃ centers c and radii R: disks positive, closed disks in the open upper half-plane, boundaries off the divisor, every enumerated zero eventually trapped.	Horocycle-style disks on the imaginary axis; radii off the countable zero-hitting set.
Octonion.normSq_nonneg	Concentricity/PhiConversion.lean:140	theorem	ANALYTIC-SUPPORT	domain-H1	proved	0 ≤ Octonion.normSq x for all x — from normSq_zero and normSq_pos_of_ne_zero.	positivity helper feeding moduliRead's NNReal.mk
Octonion.ofReal_zero	Concentricity/PhiConversion.lean:417	theorem	ANALYTIC-SUPPORT	domain-H1	proved	Octonion.ofReal 0 = 0 — via ofReal_eq_smul_one and zero_smul.	helper
ASection.im_sphere_pt_ne_zero	Concentricity/PhiConversion.lean:454	theorem	ANALYTIC-SUPPORT	domain-H1	proved	im (sliceEmbed v (A.sphereZero n)) ≠ 0 for v ∈ unitImaginarySphere — a sphere representative is non-real.	helper from c3_sphere_nonreal + normSq_smul
circleLoop	Concentricity/SigmaE3.lean:262	def	ANALYTIC-SUPPORT	stem	def	circleLoop c ε : C(unitInterval, ℂ) — the positively-oriented circle t ↦ c + ε·exp(2πit).	The standard contour all §B/§D counting rows are read on.
circleLoop_apply	Concentricity/SigmaE3.lean:266	theorem	ANALYTIC-SUPPORT	stem	proved	Evaluation formula for circleLoop (rfl).	Unfolding row; near-boilerplate, kept for orientation.
circleLoop_closed	Concentricity/SigmaE3.lean:270	theorem	ANALYTIC-SUPPORT	stem	proved	circleLoop c ε 0 = circleLoop c ε 1 — the contour is a loop.	Loop hypothesis supplier.
circleLoop_dist	Concentricity/SigmaE3.lean:275	theorem	ANALYTIC-SUPPORT	stem	proved	‖circleLoop c ε t − c‖ = ε for ε > 0 — circle points sit at exact distance ε.	Feeds radius bookkeeping in the peel arguments.
circleLoop_im_pos	Concentricity/SigmaE3.lean:308	theorem	ANALYTIC-SUPPORT	stem	proved	If 0 < ε < im c then every circleLoop c ε point has positive imaginary part.	Keeps zero-circles in the upper half-plane, away from the real pole.
sum_range_neg_one_pow_succ	Concentricity/SigmaE3.lean:602	theorem	ANALYTIC-SUPPORT	generic	proved	∑_{l<m} (−1)^{l+1} = if Even m then 0 else −1.	The alternating-sum engine of Defs 5.7/5.19.
Octonion.norm	Concentricity/Slice.lean:51	def	ANALYTIC-SUPPORT	domain-H1	def	norm x := Real.sqrt (normSq x) — the Euclidean norm from the Cayley-Dickson normSq.	Scalar support for dir/sliceCoord.
Multipliable.tprod_eq_zero_of_eq_zero	Concentricity/StemFactorization.lean:49	theorem	ANALYTIC-SUPPORT	generic	proved	Multipliable f → f i = 0 → ∏' j, f j = 0 (ℂ-valued, any index type).	R5: absent from the pin, proved in-repo; needs no §4 class upgrade.
spherePrimary_self_eq_zero	Concentricity/StemFactorization.lean:59	theorem	ANALYTIC-SUPPORT	stem	proved	a ≠ 0 → spherePrimary p a a = 0 — the sphere primary factor vanishes at its own zero.	Root-namespace helper for the divisor bundle.
weierstrassE_eq_zero_iff	Concentricity/StemFactorization.lean:90	theorem	ANALYTIC-SUPPORT	stem	proved	weierstrassE p w = 0 ↔ w = 1 — the elementary factor vanishes exactly at w = 1.	PROVED helper (R8: helpers never sorried).
spherePrimary_ne_zero	Concentricity/StemFactorization.lean:103	theorem	ANALYTIC-SUPPORT	stem	proved	a ≠ 0, z ≠ a, z ≠ conj a → spherePrimary p a z ≠ 0 — nonzero away from the conjugate stem pair.	
tprod_ne_zero_of_norm_sub_one_le	Concentricity/StemFactorization.lean:115	theorem	ANALYTIC-SUPPORT	generic	proved	Summable u, ‖f i − 1‖ ≤ u i, all f i ≠ 0 → ∏' i, f i ≠ 0 — the §4α tprod-nonvanishing estimate.	Pin tprod_one_add_ne_zero_of_summable verified live (R5).
differentiable_weierstrassE_div	Concentricity/StemFactorization.lean:225	theorem	ANALYTIC-SUPPORT	stem	proved	z ↦ weierstrassE p (z/a) is entire.	PROVED helper.
differentiable_spherePrimary	Concentricity/StemFactorization.lean:231	theorem	ANALYTIC-SUPPORT	stem	proved	spherePrimary p a is entire.	PROVED helper.
weierstrassE_div_factor	Concentricity/StemFactorization.lean:501	theorem	ANALYTIC-SUPPORT	stem	proved	a ≠ 0 → E_p(z/a) = (z − a) · (−a⁻¹ · exp(∑_{k<p} (z/a)^{k+1}/(k+1))) — explicit zero peeling of the zero-slot factor.	PROVED helper.
sphereUnit	Concentricity/StemFactorization.lean:513	def	ANALYTIC-SUPPORT	stem	def	sphereUnit p a z := −a⁻¹ · exp(…) · weierstrassE p (z / conj a) — the entire unit accompanying (z − a) in a fiber factor.	stem_local_form scaffolding.
spherePrimary_eq_sub_mul_sphereUnit	Concentricity/StemFactorization.lean:519	theorem	ANALYTIC-SUPPORT	stem	proved	a ≠ 0 → spherePrimary p a z = (z − a) · sphereUnit p a z — fiber-factor peeling.	PROVED helper.
differentiable_sphereUnit	Concentricity/StemFactorization.lean:525	theorem	ANALYTIC-SUPPORT	stem	proved	sphereUnit p a is entire.	PROVED helper.
sphereUnit_ne_zero	Concentricity/StemFactorization.lean:533	theorem	ANALYTIC-SUPPORT	stem	proved	a ≠ 0, z ≠ conj a → sphereUnit p a z ≠ 0 — the unit avoids zero away from the conjugate point.	PROVED helper.
StemRing.differentiable	Concentricity/StemRing.lean:71	theorem	ANALYTIC-SUPPORT	stem	proved	For f : StemRing, Differentiable ℂ (f : ℂ → ℂ).	Membership unpack.
StemRing.eq_zero_or_eq_zero_of_mul_eq_zero	Concentricity/StemRing.lean:85	theorem	ANALYTIC-SUPPORT	stem	proved	f * g = 0 in StemRing → f = 0 ∨ g = 0 — prop:R-domain, via AnalyticOnNhd.eq_zero_or_eq_zero_of_mul_eq_zero on connected univ.	prop:R-domain; identity principle on the connected slice; Mathlib pins verified in docstring (R5).
im_pos_of_close	Concentricity/SynthesisE6.lean:94	theorem	ANALYTIC-SUPPORT	generic	proved	dist z ρ < ε and ε < ρ.im imply 0 < z.im: a point ε-close to a stem point of larger imaginary part stays in the open upper half-plane.	private helper on ℂ.
Octonion.exp_ne_zero	Concentricity/Toolkit.lean:110	theorem	ANALYTIC-SUPPORT	domain-H1	proved	exp q /= 0 for every octonion q - the nowhere-zero clause of thm:slice-exp.	From norm_exp and Real.exp_pos.
ASection.continuousOn_eulerSum	Concentricity/WeldW12.lean:133	theorem	ANALYTIC-SUPPORT	stem	proved	ContinuousOn (fun z => tsum p, A.l p z) on {z | A.Omega0 < z.re}: the Euler sum is continuous on C2's half-space.	W1 helper; c2_locMajorant + continuousOn_tsum; feeds W1(a)/(b) and the sect-E right edge.
ASection.c2_tail_confinement	Concentricity/WeldW12.lean:168	theorem	ANALYTIC-SUPPORT	stem	proved	On a ball about z with Omega0 < z.re: exists r>0 and finset S of indices s.t. for p not in S, l p w is nonzero, ||l p w|| < delta, and ||exp(l p w) - 1|| < 2*delta.	W1(a) factor confinement; first joint consumption of c2_locMajorant AND c2_zero_free.
ASection.arg_control_right_wall	Concentricity/WeldW12.lean:274	theorem	ANALYTIC-SUPPORT	stem	proved	Along {a} x [T1,T2] with a > Omega0: exists M >= 0 and continuous S' with exp(S' y) = A.F(a+iy), |Im S'| <= M on the segment, and |Im S'(T2) - Im S'(T1)| <= 2M.	W1(b): right-wall argument variation majorant-controlled; canonical lift S = Euler sum.
ASection.F_ne_zero_of_re_lt_lowerEdge	Concentricity/WeldW12.lean:320	theorem	ANALYTIC-SUPPORT	stem	proved	If every sphereZero k has re >= betalo, then A.F z is nonzero for all z with 0 < z.im and z.re < betalo.	W2(c) left wall, pointwise; via sphereZero_complete (StemFactorization) + c3_lowerEdge witness.
ASection.exists_leftWall_zero_free	Concentricity/WeldW12.lean:332	theorem	ANALYTIC-SUPPORT	stem	proved	Exists betalo with betalo <= re(sphereZero k) for all k, and A.F z nonzero on {0 < im, re < betalo}.	W2(c) packaged; c3_lowerEdge supplies the edge.
openRect	Concentricity/WeldW12.lean:629	def	ANALYTIC-SUPPORT	stem	def	openRect x1 x2 y1 y2 := {z : C | x1 < z.re < x2 and y1 < z.im < y2} — the open coordinate rectangle (the counting trap).	Trap of the counting rows.
closedRect	Concentricity/WeldW12.lean:634	def	ANALYTIC-SUPPORT	stem	def	closedRect x1 x2 y1 y2 := {z : C | x1 <= z.re <= x2 and y1 <= z.im <= y2} — the closed coordinate rectangle (convex carrier).	Convex carrier of the counting rows.
convex_closedRect	Concentricity/WeldW12.lean:641	theorem	ANALYTIC-SUPPORT	stem	proved	Convex R (closedRect x1 x2 y1 y2) — intersection of four coordinate half-planes.	Enables the convex-carrier winding row on rectangles.
rectAux	Concentricity/WeldW12.lean:653	def	ANALYTIC-SUPPORT	stem	def	Four-edge parametrization on [0,4] of the rectangle boundary: bottom, right, top, left, piecewise-if on tau.	Case-unfolding lemmas rectAux_of_* (659-682) are plumbing, not extracted.
continuous_rectAux	Concentricity/WeldW12.lean:688	theorem	ANALYTIC-SUPPORT	stem	proved	Continuous (rectAux x1 x2 y1 y2): three welds of Continuous.if_le with matching corner values.	Plumbing for rectLoop's ContinuousMap bundle.
rectLoop	Concentricity/WeldW12.lean:713	def	ANALYTIC-SUPPORT	stem	def	rectLoop x1 x2 y1 y2 : C(unitInterval, C) — positively-oriented boundary loop of [x1,x2] x [y1,y2] via rectAux(4t).	The counting contour; W2(d).
rectLoop_closed	Concentricity/WeldW12.lean:720	theorem	ANALYTIC-SUPPORT	stem	proved	rectLoop x1 x2 y1 y2 0 = rectLoop x1 x2 y1 y2 1 — the boundary parametrization is a loop.	Consumed by every rectangle winding row.
rectLoop_mem_closedRect	Concentricity/WeldW12.lean:731	theorem	ANALYTIC-SUPPORT	stem	proved	For x1 <= x2, y1 <= y2: rectLoop t lies in closedRect x1 x2 y1 y2 for all t.	Image-in-carrier fact for the convex-carrier row.
rectLoop_notMem_openRect	Concentricity/WeldW12.lean:769	theorem	ANALYTIC-SUPPORT	stem	proved	rectLoop t is never in openRect x1 x2 y1 y2: each edge pins one coordinate to an edge value.	Boundary avoids interior; feeds frame conditions.
phaseLoop	Concentricity/WeldW12.lean:798	def	ANALYTIC-SUPPORT	stem	def	phaseLoop t = exp(i(2*pi*t - 3*pi/4)) — phase-aligned unit circle whose four quarter-arcs match the rectangle's four edge half-planes.	Comparison partner of the rectangle model row; phaseLoop_re/im/ne_zero/closed (802-830) plumbing.
openRect_disjoint_of_le	Concentricity/WeldW12.lean:1351	theorem	ANALYTIC-SUPPORT	stem	proved	If x2 <= x1' then openRect x1 x2 y1 y2 and openRect x1' x2' y1' y2' are disjoint — rectangles separated by a vertical line.	Feeds sect-F / W4: left and right traps disjoint.
weierstrassE_zero	Concentricity/ZetaAssembly.lean:37	theorem	ANALYTIC-SUPPORT	stem	proved	weierstrassE p 0 = 1 — the elementary factor is 1 at the origin.	Origin-normalization helper.
zetaProd_zero	Concentricity/ZetaAssembly.lean:46	theorem	ANALYTIC-SUPPORT	zeta	proved	zetaProd 0 = 1 — every factor of P is 1 at the origin.	Pins the constant in stage C (e^{g₀(0)} = 1 at 0).
analyticOrderAt_ne_top_of_ne_zero	Concentricity/ZetaAssembly.lean:56	theorem	ANALYTIC-SUPPORT	generic	proved	An everywhere-analytic f with f w ≠ 0 somewhere has analyticOrderAt f z ≠ ⊤ at every z — nowhere locally zero, by the identity theorem on ℂ.	Generic identity-theorem engine.
xi_orderAt_ne_top	Concentricity/ZetaAssembly.lean:69	theorem	ANALYTIC-SUPPORT	zeta	proved	analyticOrderAt xi z ≠ ⊤ for every z — ξ's order finite everywhere (ξ(0) = 1).	Feeds the meromorphic-order bridge.
zetaProd_orderAt_ne_top	Concentricity/ZetaAssembly.lean:74	theorem	ANALYTIC-SUPPORT	zeta	proved	analyticOrderAt zetaProd z ≠ ⊤ for every z — P's order finite everywhere (P(0) = 1).	Feeds the meromorphic-order bridge.
xiOverProd_meromorphicOn	Concentricity/ZetaAssembly.lean:81	theorem	ANALYTIC-SUPPORT	zeta	proved	MeromorphicOn (xi / zetaProd) univ — the quotient of the two presentations is meromorphic on ℂ.	Quotient carrier for the extraction engine.
HasDerivAt.conj_comp_conj	Concentricity/ZetaConj.lean:38	theorem	ANALYTIC-SUPPORT	generic	proved	If f has derivative d at conj z, then w ↦ conj (f (conj w)) has derivative conj d at z — the antiholomorphic sandwich.	PROVED helper (slopes conjugate termwise); generic ℂ-analysis, reusable.
Gammaℝ_conj	Concentricity/ZetaConj.lean:134	theorem	ANALYTIC-SUPPORT	generic	proved	Gammaℝ (conj s) = conj (Gammaℝ s) — the archimedean Γ-factor is conjugation-equivariant (π real; Gamma_conj).	PROVED helper; supports Λ-level conjugation transports. About Mathlib's Complex.Gammaℝ.
zetaSection_liSum_summable	Concentricity/ZetaDensity.lean:27	theorem	ANALYTIC-SUPPORT	zeta	proved	Summable (fun k => 2·Re(liKernel n a β (zetaSection.sphereZero k))) for all a β n — D0 for the ζ member.	Named D0-for-ζ receipt: the class row liSum_summable specialized to zetaSection; the BL ladder's D0 rung for the cor:rh member.
sum_mult_le_finsum_divisor	Concentricity/ZetaDensityCore.lean:106	theorem	ANALYTIC-SUPPORT	zeta	proved	Σ over upper ball zeros of (zetaZeroMult ρ : ℤ) ≤ ∑ᶠ u, divisor of xi on closedBall 0 |T| — multiplicity sum bounded by ξ's divisor total.	Stage-B divisor bridge: xi_orderAt_upper matches divisor values to multiplicities; nonnegativity from ξ analytic.
zetaEnum_count_le	Concentricity/ZetaDensityCore.lean:157	theorem	ANALYTIC-SUPPORT	zeta	proved	Under the ξ growth bound (C₁, exp(C₁(‖s‖+2)log(‖s‖+2))): ball-count at radius T ≥ 1 ≤ (log C₁ + C₁(2T+2)log(2T+2))/log 2.	The Jensen count: AnalyticOnNhd.sum_divisor_le on ξ, r := T, R := 2T; ξ(0) = 1 normalizes.
zetaShellIdx_bounds	Concentricity/ZetaDensityCore.lean:220	theorem	ANALYTIC-SUPPORT	zeta	proved	2^(shellIdx k) − 1 ≤ ‖zetaSphereZero k‖ < 2^(shellIdx k + 1) — the norm sits inside its dyadic shell.	Shell-bounds helper for the dyadic comparison.
zeta_term_le_shell	Concentricity/ZetaDensityCore.lean:246	theorem	ANALYTIC-SUPPORT	zeta	proved	1/(1+‖zetaSphereZero k‖²) ≤ 4/4^(zetaShellIdx k) — per-term bound on a shell.	Termwise majorant of the density series by the shell geometric.
zeta_shell_card_le	Concentricity/ZetaDensityCore.lean:260	theorem	ANALYTIC-SUPPORT	zeta	proved	card of the shell-j fiber of range n ≤ ncard {k | ‖zetaSphereZero k‖ < 2^(j+1)} — the shell fiber injects into the dyadic ball.	Fiber-to-ball counting step of the dyadic comparison.
zeta_shell_count_bound	Concentricity/ZetaDensityCore.lean:276	theorem	ANALYTIC-SUPPORT	zeta	proved	Under the ξ growth bound: dyadic ball count N_j ≤ log C₁/log 2 + 8C₁(j+3)·2^j — summable-friendly form.	Jensen count specialized to T = 2^(j+1); feeds the shell majorant.
summable_shellBound	Concentricity/ZetaDensityCore.lean:323	theorem	ANALYTIC-SUPPORT	generic	proved	For any D E : ℝ, Summable (fun j => (D + E(j+3)2^j)·(4/4^j)) — the shell majorant series is summable.	Geometric-with-polynomial-factor summability; pure real-series lemma.
xi_entire	Concentricity/ZetaInfinitude.lean:50	theorem	ANALYTIC-SUPPORT	zeta	proved	Differentiable ℂ xi — ξ is entire.	A1; pin differentiable_completedZeta₀.
xi_zero	Concentricity/ZetaInfinitude.lean:57	theorem	ANALYTIC-SUPPORT	zeta	proved	xi 0 = 1.	Pole factor kills the Λ₀ term; used for identity-principle non-vanishing anchor.
xi_one	Concentricity/ZetaInfinitude.lean:60	theorem	ANALYTIC-SUPPORT	zeta	proved	xi 1 = 1.	Same anchor at s = 1.
completedRiemannZeta_neg_two_mul_ne_zero	Concentricity/ZetaInfinitude.lean:68	theorem	ANALYTIC-SUPPORT	zeta	proved	completedRiemannZeta (−2n) ≠ 0 for every n : ℕ — Λ does not vanish at the Γℝ poles.	Via FE completedRiemannZeta_one_sub + nonvanishing on Re ≥ 1; feeds the A2 dictionary.
xi_analyticOnNhd	Concentricity/ZetaInfinitude.lean:152	theorem	ANALYTIC-SUPPORT	zeta	proved	AnalyticOnNhd ℂ xi Set.univ.	A1 upgraded via Differentiable.analyticAt.
xi_meromorphicOrderAt_ne_top	Concentricity/ZetaInfinitude.lean:160	theorem	ANALYTIC-SUPPORT	zeta	proved	meromorphicOrderAt xi u ≠ ⊤ for every u : ℂ — ξ is nowhere locally identically zero.	Identity principle vs xi 0 = 1.
xi_divisor_nonneg	Concentricity/ZetaInfinitude.lean:173	theorem	ANALYTIC-SUPPORT	zeta	proved	0 ≤ MeromorphicOn.divisor xi Set.univ z for every z — the divisor of the entire ξ is nonnegative.	Divisor bookkeeping for the A3 factorization.
xi_divisor_eq_zero_of_ne_zero	Concentricity/ZetaInfinitude.lean:180	theorem	ANALYTIC-SUPPORT	zeta	proved	If xi u ≠ 0 then MeromorphicOn.divisor xi Set.univ u = 0.	Divisor support ⊆ zero set.
xi_divisor_support_finite	Concentricity/ZetaInfinitude.lean:190	theorem	ANALYTIC-SUPPORT	zeta	proved	If the nontrivial-zero set of ζ is Finite, then (MeromorphicOn.divisor xi Set.univ).support is Finite.	Reductio scaffolding (hypothesis is the negation of the target).
one_le_riemannZeta_re_of_real	Concentricity/ZetaInfinitude.lean:292	theorem	ANALYTIC-SUPPORT	zeta	proved	For real σ > 1: 1 ≤ (riemannZeta σ).re — the n = 1 Dirichlet term survives, all terms nonneg real.	Feeds A9; real-axis positivity of the ζ stem.
gamma_lower_bound_real	Concentricity/ZetaInfinitude.lean:325	theorem	ANALYTIC-SUPPORT	zeta	proved	For every K : ℝ, eventually in n: K^n ≤ ‖xi (2n+2)‖ — Γ-growth of ξ along the real axis beats every geometric sequence.	A9, the real-axis lower bound that contradicts the affine-log upper bound.
lambda0_norm_le	Concentricity/ZetaInfinitude.lean:447	theorem	ANALYTIC-SUPPORT	zeta	proved	‖(hurwitzEvenFEPair 0).Λ₀ w‖ ≤ ∫ t in Ioi 0, t^(w.re−1) * ‖f_modif t‖ — Λ₀ norm bounded by its Mellin norm-integral.	A5 internals; theta/Mellin representation of the completed zeta.
f_modif_norm_integrable	Concentricity/ZetaInfinitude.lean:460	theorem	ANALYTIC-SUPPORT	zeta	proved	For every c : ℝ, t ↦ t^(c−1)*‖(hurwitzEvenFEPair 0).f_modif t‖ is IntegrableOn Ioi 0.	A5 internals; via StrongFEPair.hasMellin.
piece_A_bound	Concentricity/ZetaInfinitude.lean:474	theorem	ANALYTIC-SUPPORT	zeta	proved	∃ C₀ ≥ 0 uniform over all x ≥ 1/4 bounding the (0,1] piece of the Mellin norm-integral of f_modif.	A5 internals, near-zero piece.
f_modif_exp_decay	Concentricity/ZetaInfinitude.lean:491	theorem	ANALYTIC-SUPPORT	zeta	proved	∃ p > 0, C₂ ≥ 0: ∀ t > 1, ‖(hurwitzEvenFEPair 0).f_modif t‖ ≤ C₂·exp(−p·t) — uniform exponential decay of the theta kernel remainder.	A5 internals; pin isBigO_atTop_evenKernel_sub + compactness on the middle range.
piece_B_bound	Concentricity/ZetaInfinitude.lean:544	theorem	ANALYTIC-SUPPORT	zeta	proved	∃ C₃ ≥ 0, A > 0: ∀ x ≥ 1/4, ∫ t in Ioi 1, t^(x−1)‖f_modif t‖ ≤ C₃·exp(x·log(A·x)) — Γ-type bound on the (1,∞) Mellin piece.	A5 internals, tail piece.
lambda0_bound_right	Concentricity/ZetaInfinitude.lean:610	theorem	ANALYTIC-SUPPORT	zeta	proved	∃ C₀,C₃ ≥ 0, A > 0: ∀ w with Re w ≥ 1/4, ‖(hurwitzEvenFEPair 0).Λ₀ w‖ ≤ C₀ + C₃·exp(w.re·log(A·w.re)) — right half-plane growth bound.	A5 internals; split at t = 1.
lambda0_reflect	Concentricity/ZetaInfinitude.lean:632	theorem	ANALYTIC-SUPPORT	zeta	proved	(hurwitzEvenFEPair 0).Λ₀ w = (hurwitzEvenFEPair 0).Λ₀ (1/2 − w) — the Λ₀ functional-equation reflection.	Unconditional FE reflection used only for growth transfer to the left half-plane; NOT the RH functional equation.
growth_massage	Concentricity/ZetaInfinitude.lean:648	theorem	ANALYTIC-SUPPORT	generic	proved	C₀ + C₁·exp(x·log(A·x)) for 1/4 ≤ x ≤ X+2, X ≥ 0 is absorbed into a single-constant form C·exp(C·(X+2)·log(X+2)).	Pure log/exp bookkeeping helper for A5.
completedZeta₀_growth	Concentricity/ZetaInfinitude.lean:746	theorem	ANALYTIC-SUPPORT	zeta	proved	∃ C > 0: ∀ s, ‖completedRiemannZeta₀ s‖ ≤ C·exp(C·(‖s‖+2)·log(‖s‖+2)) — the completed-zeta growth bound.	A5 assembled: right half via Mellin, left via lambda0_reflect.
xi_growth	Concentricity/ZetaInfinitude.lean:788	theorem	ANALYTIC-SUPPORT	zeta	proved	∃ C > 0: ∀ s, ‖xi s‖ ≤ C·exp(C·(‖s‖+2)·log(‖s‖+2)) — ξ obeys the same growth-bound shape as Λ₀.	A6; polynomial prefactor absorbed into the exponential.
affine_of_subquadratic_growth	Concentricity/ZetaInfinitude.lean:852	theorem	ANALYTIC-SUPPORT	generic	proved	An entire g with ‖g z‖ ≤ B·(‖z‖+2)·log(‖z‖+2) is affine: ∃ a b, ∀ z, g z = a + b·z.	A8; Cauchy estimate on iteratedDeriv 2 + two constancy steps. Generic complex analysis.
absorb_const	Concentricity/ZetaInfinitude.lean:957	theorem	ANALYTIC-SUPPORT	generic	proved	∃ B ≥ 0: ∀ X ≥ 0, K₁ + K₂·((X+2)·log(X+2)) ≤ B·(X+2)·log(X+2) — affine-in-Y bound absorbed into one multiple of Y.	Constant-absorption helper for A7; bookkeeping only.
log_factor_growth	Concentricity/ZetaInfinitude.lean:992	theorem	ANALYTIC-SUPPORT	zeta	proved	Under finiteness, with ξ = P·h (A3) and h = exp∘g (A4): ∃ B ≥ 0 with ‖g z‖ ≤ B·(‖z‖+2)·log(‖z‖+2) globally.	A7; ‖P‖ ≥ 1 outside a disk + Borel–Carathéodory (Complex.borelCaratheodory) converts Re-bound to norm bound.
xi_finprod_poly_bound	Concentricity/ZetaInfinitude.lean:1157	theorem	ANALYTIC-SUPPORT	zeta	proved	Under finiteness: ∃ M ≥ 0, D : ℕ with ‖∏ᶠ u, (z−u)^(divisor xi u)‖ ≤ (‖z‖+M)^D for all z — polynomial bound on the finite prefactor.	A10 input; M = support radius, D = total degree.
riemannZeta_analyticAt	Concentricity/ZetaPole.lean:29	theorem	ANALYTIC-SUPPORT	zeta	proved	For s ≠ 1: AnalyticAt ℂ riemannZeta s — ζ is analytic away from the pole point.	The ζ member's c1_analyticAt field, stem level; DERIVED (R10).
riemannZeta_meromorphicOn	Concentricity/ZetaPole.lean:81	theorem	ANALYTIC-SUPPORT	zeta	proved	MeromorphicOn riemannZeta univ — ζ meromorphic on all of ℂ.	The ζ member's meromorphic field (C1 continuation, stem level); DERIVED (R10).
etaPair	Concentricity/ZetaRealZeros.lean:46	def	ANALYTIC-SUPPORT	stem	def	etaPair s k = (2k+1)^(−s) − (2k+2)^(−s) — the k-th conjugate pair of the alternating series; pairing makes convergence absolute on Re s > 0.	Carrier of the real-zero exclusion argument.
etaPaired	Concentricity/ZetaRealZeros.lean:50	def	ANALYTIC-SUPPORT	stem	def	etaPaired s = ∑' k, etaPair s k — the paired alternating sum S(s).	S(σ) > 0 for real σ ∈ (0,1) is the exclusion mechanism.
zterm	Concentricity/ZetaRealZeros.lean:53	def	ANALYTIC-SUPPORT	stem	def	zterm s n = 1/((n+1)^s) — the (n+1)-form Dirichlet term of ζ (private plumbing for the even/odd split).	Private def; pure plumbing for etaPaired_eq_of_one_lt_re.
etaPair_eq_integral	Concentricity/ZetaRealZeros.lean:57	theorem	ANALYTIC-SUPPORT	stem	proved	For 0 < s.re: etaPair s k = s·∫ t in (2k+1)..(2k+2), t^(−s−1) — the pair as FTC integral across its step.	FTC via hasDerivAt_ofReal_cpow_const; feeds the majorant.
etaPair_norm_le	Concentricity/ZetaRealZeros.lean:94	theorem	ANALYTIC-SUPPORT	stem	proved	For 0 < s.re: ‖etaPair s k‖ ≤ ‖s‖·(2k+1)^(−Re s − 1) — the pair majorant.	Summable p-series majorant for S.
summable_pairBound	Concentricity/ZetaRealZeros.lean:121	theorem	ANALYTIC-SUPPORT	generic	proved	For 0 < ε: Summable (k ↦ (2k+1)^(−ε−1)) — the p-series majorant is summable at any positive abscissa.	Real p-series comparison; base-agnostic.
differentiable_etaPair	Concentricity/ZetaRealZeros.lean:139	theorem	ANALYTIC-SUPPORT	stem	proved	Differentiable ℂ (s ↦ etaPair s k) — each pair is entire in s (constant positive real base cpow).	Entire-in-parameter row for the locally-uniform limit.
summable_etaPair	Concentricity/ZetaRealZeros.lean:155	theorem	ANALYTIC-SUPPORT	stem	proved	For 0 < s.re: Summable (k ↦ etaPair s k) — the pairs converge absolutely on the open half-plane.	Norm-bounded by the p-series majorant.
etaPaired_analyticOnNhd	Concentricity/ZetaRealZeros.lean:162	theorem	ANALYTIC-SUPPORT	stem	proved	AnalyticOnNhd ℂ etaPaired {s | 0 < s.re} — S is analytic on the open half-plane Re > 0.	§4α Weierstrass-convergence pattern (differentiableOn_tsum_of_summable_norm).
differentiable_two_cpow_one_sub	Concentricity/ZetaRealZeros.lean:273	theorem	ANALYTIC-SUPPORT	stem	proved	Differentiable ℂ (s ↦ 2^(1−s)) — entire in s.	cpow-as-exp helper.
riemannZeta_ne_zero_of_real_mem_Ioo	Concentricity/ZetaRealZeros.lean:381	theorem	ANALYTIC-SUPPORT	zeta	proved	For real σ with 0 < σ < 1: riemannZeta σ ≠ 0 — no real zeros in the critical strip; a zero would force S(σ) = 0 but S(σ) is a strictly positive real.	THE LEAF closing the R6 flag; DERIVED (R10), completes cluster 4.
norm_prime_cpow_neg	Concentricity/ZetaSection.lean:78	theorem	ANALYTIC-SUPPORT	zeta	proved	‖p^{−w}‖ = p^{−Re w} for p : Nat.Primes, w : ℂ.	PROVED helper.
norm_prime_cpow_neg_lt_one	Concentricity/ZetaSection.lean:85	theorem	ANALYTIC-SUPPORT	zeta	proved	0 < Re w → ‖p^{−w}‖ < 1.	PROVED helper.
differentiableAt_eulerLog_classical	Concentricity/ZetaSection.lean:131	theorem	ANALYTIC-SUPPORT	zeta	proved	0 < Re w → the classical −log(1 − p^{−v}) is DifferentiableAt at w.	PROVED helper (slit-plane membership).
zetaC2_analyticAt	Concentricity/ZetaSection.lean:154	theorem	ANALYTIC-SUPPORT	zeta	proved	∀ p z, 1 < Re z → AnalyticAt ℂ (zetaEulerLog p) z — discharges c2_analyticAt.	
zetaC2_zero_free	Concentricity/ZetaSection.lean:172	theorem	ANALYTIC-SUPPORT	zeta	proved	∀ p z, 1 < Re z → zetaEulerLog p z ≠ 0 — discharges c2_zero_free.	A vanishing log would force p^{−z} = 0 against cpow nonvanishing.
summable_prime_cpow_neg	Concentricity/ZetaSection.lean:194	theorem	ANALYTIC-SUPPORT	zeta	proved	1 < Re z → Summable (fun p : Nat.Primes => p^{−z}) — restriction of the ℕ p-series.	PROVED helper.
zetaC2_summable	Concentricity/ZetaSection.lean:205	theorem	ANALYTIC-SUPPORT	zeta	proved	1 < Re z → Summable (fun p => zetaEulerLog p z) — discharges c2_summable.	Via summable_log_one_add_of_summable over the dominated p^{−z}.
zetaC2_locMajorant	Concentricity/ZetaSection.lean:231	theorem	ANALYTIC-SUPPORT	zeta	proved	1 < Re z → ∃ ball of radius δ = (Re z − 1)/2 with ‖zetaEulerLog p w‖ ≤ (3/2)·p^{−(1+δ)}, a summable p-series — discharges c2_locMajorant.	§4α majorant via norm_log_one_add_half_le_self.
zetaRfac_entire	Concentricity/ZetaSection.lean:301	theorem	ANALYTIC-SUPPORT	zeta	proved	Differentiable ℂ zetaRfac — quotient of entire 1/Γℝ off 0; removable singularity at 0 with limit 1/2 (Gammaℝ_residue_zero).	
zetaGfac_entire	Concentricity/ZetaSection.lean:400	theorem	ANALYTIC-SUPPORT	zeta	proved	Differentiable ℂ zetaGfac.	choose_spec projection.
zetaC3_multipliable	Concentricity/ZetaSection.lean:403	theorem	ANALYTIC-SUPPORT	zeta	proved	∀ z, Multipliable (fun n => spherePrimary n (zetaSphereZero n) z).	choose_spec projection; genus n = n.
zetaC3_locMajorant	Concentricity/ZetaSection.lean:407	theorem	ANALYTIC-SUPPORT	zeta	proved	∀ z ≠ 1, §4α summable majorant of ‖spherePrimary n (zetaSphereZero n) w − 1‖ on a ball around z.	choose_spec projection.
completedRiemannZeta_eq_zero_of_zeta	Concentricity/ZetaStrip.lean:37	theorem	ANALYTIC-SUPPORT	zeta	proved	For s ≠ 0 with Gammaℝ s ≠ 0: riemannZeta s = 0 → completedRiemannZeta s = 0 — divisor bridge ζ-zero to Λ-zero.	DERIVED (R10); via riemannZeta_def_of_ne_zero.
riemannZeta_eq_zero_of_completed	Concentricity/ZetaStrip.lean:48	theorem	ANALYTIC-SUPPORT	zeta	proved	For s ≠ 0: completedRiemannZeta s = 0 → riemannZeta s = 0 — divisor bridge Λ-zero to ζ-zero.	DERIVED (R10); converse bridge.
logTaylor_neg_eq	Concentricity/ZetaWeierstrass.lean:38	theorem	ANALYTIC-SUPPORT	stem	proved	logTaylor (p+1) (−w) = −∑ k ∈ range p, w^(k+1)/(k+1) — the log-Taylor collapse to minus the partial Weierstrass exponent.	Helper for the exp-tail form of E_p.
weierstrassE_eq_exp_tail	Concentricity/ZetaWeierstrass.lean:58	theorem	ANALYTIC-SUPPORT	stem	proved	For ‖w‖ < 1: weierstrassE p w = exp (log (1−w) − logTaylor (p+1) (−w)) — E_p is the exponential of the log-Taylor tail on the unit disc.	Feeds the tail bound.
norm_weierstrassE_sub_one_le	Concentricity/ZetaWeierstrass.lean:73	theorem	ANALYTIC-SUPPORT	stem	proved	For ‖w‖ ≤ 1/2: ‖weierstrassE p w − 1‖ ≤ 4‖w‖^(p+1) — the elementary-factor tail bound.	norm_log_sub_logTaylor_le + norm_exp_sub_one_le; Jensen-free.
norm_spherePrimary_sub_one_le	Concentricity/ZetaWeierstrass.lean:112	theorem	ANALYTIC-SUPPORT	stem	proved	For a ≠ 0, ‖z‖ ≤ ‖a‖/2: ‖spherePrimary p a z − 1‖ ≤ 16(‖z‖/‖a‖)^(p+1) — the conjugate-pair factor bound.	The pair bound; the (A−1)(B−1)+... split.
zetaWeierstrass_bound_of_far	Concentricity/ZetaWeierstrass.lean:203	theorem	ANALYTIC-SUPPORT	zeta	proved	For 0 < R, ‖w‖ ≤ R, 2R ≤ ‖zetaSphereZero n‖: ‖spherePrimary n (zetaSphereZero n) w − 1‖ ≤ 16·(1/2)^(n+1) — geometric bound past the near zeros.	The geometric-with-finite-exceptions majorant row.
summable_geoBound	Concentricity/ZetaWeierstrass.lean:222	theorem	ANALYTIC-SUPPORT	generic	proved	Summable (n ↦ 16·(1/2)^(n+1)) — the geometric majorant is summable.	Pure geometric-series row.
zetaC3_locMajorant_proved	Concentricity/ZetaWeierstrass.lean:249	theorem	ANALYTIC-SUPPORT	zeta	proved	∀ z, ∃ r > 0, ∃ summable u, ∀ n, ∀ w ∈ ball z r, ‖spherePrimary n (zetaSphereZero n) w − 1‖ ≤ u n — Stage A row 2: the local summable majorant on a ball about any point.	c3_locMajorant conjunct, no pole hypothesis; sup-bounds near, geometric far.
AnalyticAt.conj_comp_conj	Concentricity/ZetaXiMatch.lean:66	theorem	ANALYTIC-SUPPORT	stem	proved	If g analytic at s then z ↦ conj (g (conj z)) is analytic at conj s — the conjugation sandwich preserves analyticity, through a ball.	Upgrade of ZetaConj's HasDerivAt sandwich; generic C→C engine for all intrinsicality rows.
zetaProd_analyticAt	Concentricity/ZetaXiMatch.lean:133	theorem	ANALYTIC-SUPPORT	zeta	proved	AnalyticAt ℂ zetaProd z for every z — P analytic everywhere via the stage-A local majorant and locally-uniform multipliability.	§4α Weierstrass-convergence block over zetaC3_locMajorant_proved.
zetaProd_ne_zero	Concentricity/ZetaXiMatch.lean:289	theorem	ANALYTIC-SUPPORT	zeta	proved	If z avoids every zetaSphereZero n and every conj (zetaSphereZero n) then zetaProd z ≠ 0 — P does not vanish off the enumerated pairs.	tprod nonvanishing via the majorant + spherePrimary_ne_zero.
zetaTail_summable	Concentricity/ZetaXiMatch.lean:305	theorem	ANALYTIC-SUPPORT	zeta	proved	For finite t and any w, the tail (factors with n ∉ t, minus 1) is summable — geometric bound past finitely many exceptions.	Stage-A geometric bound off finite exceptional set; helper for the split.
zetaProd_split	Concentricity/ZetaXiMatch.lean:319	theorem	ANALYTIC-SUPPORT	zeta	proved	zetaProd w = (∏ n ∈ t, spherePrimary n (zetaSphereZero n) w) · ∏' (tail with t-factors replaced by 1) — head/tail split of P at any finite index set.	StemFactorization hsplit pattern; input to zetaProd_orderAt_upper.
xi_analyticAt	Concentricity/ZetaXiMatch.lean:472	theorem	ANALYTIC-SUPPORT	zeta	proved	AnalyticAt ℂ xi z for every z — ξ analytic everywhere (from xi_entire).	Helper riding xi_entire (ZetaInfinitude).
riemannZeta_orderAt_ne_top	Concentricity/ZetaXiMatch.lean:477	theorem	ANALYTIC-SUPPORT	zeta	proved	For s ≠ 1: analyticOrderAt riemannZeta s ≠ ⊤ — ζ's order finite at every non-pole point via the identity theorem on connected ℂ∖{1} against ζ(2) ≠ 0.	ZetaDivisor identity-theorem block, extracted.
Gammaℝ_analyticAt_of_re_pos	Concentricity/ZetaXiMatch.lean:495	theorem	ANALYTIC-SUPPORT	stem	proved	For 0 < s.re: AnalyticAt ℂ Gammaℝ s — π^(−s/2)·Γ(s/2) is analytic on the right half-plane (no Γ poles there).	Special-function support; feeds xi_orderAt_upper's nonvanishing bracket.
ASection.realizes_value_eq	Concentricity/ConcentricityReadout.lean:83	theorem	DIAG-center	old-base	proved	Realizes σ σ' k implies Fstar(circleEmbed σ) = Fstar(circleEmbed σ') — every base arrow conserves the compactified value (lift's total change 2πik is purely imaginary).	The σ-fixing conserved: all fibre multiplicity in winding, none in level. Green 2026-07-11.
ASection.value_const_on_component	Concentricity/ConcentricityReadout.lean:106	theorem	DIAG-center	mixed	proved	Zigzag X Y in A.TotalA implies Fstar(circleEmbed X.base.val) = Fstar(circleEmbed Y.base.val) — the conserved value descends through π0(T_A) by zig-zag induction.	TotalA (old-total chain) with Realizes base legs (old-base); the cone-naturality descent, Riehl Rem 8.3.5 reading.
ASection.label_on_shared_circle	Concentricity/ConcentricityReadout.lean:217	theorem	DIAG-center	mixed	proved	sliceEmbed v ((sphereZero n).re) = sliceEmbed w ((sphereZero n).re) for all v,w — the zero's real label embeds into every slice at the same point.	Author's sentence (1): the shared great circle; stem label + Octonion sliceEmbed (domain-H1).
ASection.zero_encounters_joined_concentric	Concentricity/FaithfulApply.lean:328	theorem	DIAG-center	mixed	proved	∀ε>0 ∃r<ε: both sphereZero n,m have ε-close encounters with value -r, and ∀ directions v0,v1 in S6, ∀ rung j: a path in the octonionic exp-fibre over -r joins them with re constant = log r.	stem zero data + Octonion exp-fibre (domain-H1 side); connected through S6 AND concentric (one level) simultaneously.
G2.smul_one	Concentricity/G2.lean:79	theorem	DIAG-center	domain-H1	proved	g smul (1 : Octonion) = 1 — every automorphism fixes the unit.	DERIVED (register marked in docstring); master def:G2 quote
G2.smul_ofReal	Concentricity/G2.lean:87	theorem	DIAG-center	domain-H1	proved	g smul ofReal r = ofReal r — every automorphism fixes the real axis pointwise.	DERIVED from linearity; world-independence of the real centre under direction arrows
ASection.normalizedZero_label_world_independent	Concentricity/NormalizedBase.lean:59	theorem	DIAG-center	sphereworld	proved	(normalizedZero n I).label = (normalizedZero n J).label for all worlds I J.	rfl; the one circle point shared by every sphere.
ASection.normalizedZero_on_shared_circle	Concentricity/NormalizedBase.lean:65	theorem	DIAG-center	mixed	proved	sliceEmbed I.val ↑label(I) = sliceEmbed J.val ↑label(J): the octonionic point of the real label is slice-direction independent.	Via sliceEmbed_ofReal; sphereworld + domain-H1.
Octonion.norm_sliceEmbed	Concentricity/NormalizedBase.lean:137	theorem	DIAG-center	domain-H1	proved	norm (sliceEmbed v ζ) = ‖ζ‖ for v ∈ unitImaginarySphere — norm of a slice realization is the complex modulus, world-independent.	
ASection.normalizedZeroLift_norm	Concentricity/NormalizedBase.lean:149	theorem	DIAG-center	mixed	proved	norm (normalizedZeroLift n I) = ‖sphereZero n‖ in EVERY world I.	The collapse datum is world-independent.
H1.zigzag_coordRead	Concentricity/PhiConversion.lean:97	theorem	DIAG-center	domain-H1	proved	Zigzag (H1.of x) (H1.of y) → coordRead x = coordRead y — a zigzag of 𝓗₁ preserves the slice-coordinate read.	conserved quantity of 𝓗₁'s components = slice coordinate; via zigzag_obj_of_zigzag + eq_of_zigzag
H1.zigzag_ne_of_coord_ne	Concentricity/PhiConversion.lean:125	theorem	DIAG-center	domain-H1	proved	sliceCoord x ≠ sliceCoord y → ¬ Zigzag (H1.of x) (H1.of y) — distinct slice coordinates are distinct components of 𝓗₁.	lem:residue-spheres disjointness half: 'distinct spheres are distinct orbits'
SliceWorld.modulus_gen	Concentricity/PhiConversion.lean:166	theorem	DIAG-center	domain-H1	proved	Gen w w' → modulus w = modulus w' — every generator of 𝒮₂ conserves the modulus; cases on direction (G₂ isometry), band (|e^{iθ}|=1), bandInfty.	direction = isometry block, band fixes modulus by its very clause (def:two-worlds)
S2.zigzag_modulus	Concentricity/PhiConversion.lean:205	theorem	DIAG-center	domain-H1	proved	Zigzag (S2.of w) (S2.of w') → SliceWorld.modulus w = modulus w' — a zigzag of the slice world preserves the modulus read.	conserved quantity of 𝒮₂'s components = the modulus
Octonion.sliceEmbed_ofReal	Concentricity/Slice.lean:107	theorem	DIAG-center	domain-H1	proved	sliceEmbed v (r:C) = ofReal r — real coordinates embed identically along EVERY direction v.	World-independence of real points: the shared great circle. Consumed by label_on_shared_circle.
Octonion.sliceEmbed_zero_dir	Concentricity/Slice.lean:189	theorem	DIAG-center	domain-H1	proved	sliceEmbed 0 w = ofReal w.re — the zero-direction junk lands on the real axis.	Direction-blindness of the junk value at reals.
ASection.sliceCoord_smul_invariant	Concentricity/Slice.lean:425	theorem	DIAG-center	domain-H1	proved	sliceCoord (g • x) = sliceCoord x — the slice coordinate is G2-invariant.	master def:section-map(iii) blindness to sphere direction, stem-level statement.
Octonion.exp_fibre_concentric	Concentricity/WeldW3.lean:377	theorem	DIAG-center	domain-H1	proved	exp q₁ = exp q₂ = ofReal (-r) (0 < r) ⇒ re q₁ = re q₂ — the fibre's spheres are concentric about the single real centre log r.	WELD (c): 'the kernel of exp is concentric' (author, 2026-07-06).
ASection.normalizedZeroLift_equivariant	Concentricity/NormalizedAction.lean:39	theorem	DIAG-equivariance	mixed	proved	g • normalizedZeroLift n I = normalizedZeroLift n (normalizedWorldRotate g I): rotating the world rotates the realization, label unchanged.	Via G2.smul_sliceEmbed.
ASection.normalizedSectionPoint_equivariant	Concentricity/NormalizedAction.lean:48	theorem	DIAG-equivariance	mixed	proved	g • normalizedSectionPoint n I = normalizedSectionPoint n (normalizedWorldRotate g I): the section action respects world relabelling.	Via realize_equivariant (Wang Rem 2.11, Slice.lean:436); the object-and-direction naturality row.
H1.coordRead_smul	Concentricity/PhiConversion.lean:72	theorem	DIAG-equivariance	domain-H1	proved	coordRead (g • x) = coordRead x for g : G2, x : OnePoint Octonion — G₂-invariance of the coordinate read; ∞ is G₂-fixed.	engine: ASection.sliceCoord_smul_invariant (def:section-map(iii))
G2.smul_im	Concentricity/Slice.lean:300	theorem	DIAG-equivariance	domain-H1	proved	im (g•x) = g • im x — the imaginary part commutes with the G2 action.	Feeds smul_dir.
G2.smul_dir	Concentricity/Slice.lean:306	theorem	DIAG-equivariance	domain-H1	proved	dir (g•x) = g • dir x — the direction commutes with the G2 action (junk-consistent at real points: both sides 0).	The G2-transport of the world coordinate; feeds realize_equivariant.
G2.smul_sliceEmbed	Concentricity/Slice.lean:312	theorem	DIAG-equivariance	domain-H1	proved	g • sliceEmbed v ζ = sliceEmbed (g•v) ζ — the slice embedding intertwines the G2 action.	Linearity + smul_ofReal; the chart is G2-natural.
ASection.realize_equivariant	Concentricity/Slice.lean:436	theorem	DIAG-equivariance	domain-H1	proved	realize (g • q) = g • realize q for all g : G2, q : OnePoint Octonion — G2-equivariance of the realization.	master def:section-map(ii); Wang Rem 2.11 (one I-independent real stem) via sliceCoord invariance + smul_dir.
sectionFunctor_map_direction	Concentricity/TwoWorlds.lean:156	theorem	DIAG-equivariance	domain-H1	proved	(sectionFunctor A).map ⟨g, rfl⟩ = quotient class of direction generator at A.realize x ≫ eqToHom (realize_equivariant g x).symm — by rfl.	morphism pin of thm:section-functor, verbatim clause 'Φ(g : q → g·q) = (g : A(q) → A(g·q))'
G2.smul_sliceCoord	Concentricity/ZetaOctonion.lean:100	theorem	DIAG-equivariance	domain-H1	proved	sliceCoord (g • x) = sliceCoord x for g : G2, x : Octonion — the slice coordinate is G₂-invariant.	Declared _root_.G2.smul_sliceCoord; isometry block of Slice.lean read at the coordinate.
zetaO_equivariant	Concentricity/ZetaOctonion.lean:110	theorem	DIAG-equivariance	domain-H1	proved	zetaO (g • x) = g • zetaO x for all g : G2, x : OnePoint Octonion — master thm:G2-equiv, extended to 𝕆* (the action fixes ∞ = N).	Island B4; feeds B6(i), the zero-spheres as G₂-orbits — the equivariance square of the section functor's ζ instance.
ASection.circleIntegral_pairing_halfSpace	Concentricity/PairingE2.lean:665	theorem	DIAG-euler-weier	stem	proved	On half-space circles off 0, ∮ g·Σ' deriv(ℓ p) equals ∮ g·(five-term Weierstrass log-derivative): the Euler and Weierstrass expansions pair equally against any weight.	stem_identity_logDeriv under the integral sign; B2.2's pairing shape.
ASection.logDeriv_euler	Concentricity/StemFactorization.lean:178	theorem	DIAG-euler-weier	stem	proved	Ω₀ < z.re → deriv A.F z / A.F z = ∑' p, deriv (A.ℓ p) z — the Euler side of the log-derivative on the half-space.	§4α c2_locMajorant + Weierstrass convergence theorem; Mathlib pins verified live (R5).
ASection.logDeriv_weierstrass	Concentricity/StemFactorization.lean:252	theorem	DIAG-euler-weier	stem	proved	Off pole/0/zeros (Rfac ≠ 0): F′/F = −1/(z−pole) + m/z + Rfac′/Rfac + gfac′ + ∑' n per-factor logDeriv — the Weierstrass side with the §8 pole term.	§4α c3_locMajorant, Cauchy estimates on the majorant ball, logDeriv_tprod_eq_tsum; pins verified live.
ASection.stem_identity_logDeriv	Concentricity/StemFactorization.lean:437	theorem	DIAG-euler-weier	stem	proved	On the overlap (Ω₀ < re z, off pole/0/zeros): ∑' p, deriv(ℓ p) z = −1/(z−pole) + m/z + Rfac′/Rfac + gfac′ + ∑' n factor logDerivs — Euler = Weierstrass, FE-free.	The two-index ledger's seed (PLAN §3): individual Euler p meets individual Weierstrass n; value-level, no σ₀, no ½.
ASection.ledger_meromorphic	Concentricity/StemFactorization.lean:454	theorem	DIAG-euler-weier	stem	proved	MeromorphicOn (fun z => deriv A.F z / A.F z) Set.univ — the continued log-derivative as one meromorphic object on all of ℂ.	B2.1: the Euler side's continuation IS the Weierstrass side.
stem_identity	Concentricity/Toolkit.lean:246	theorem	DIAG-euler-weier	stem	proved	Two entire stems F, G : C -> C (AnalyticOnNhd on univ) agreeing frequently in nhdsWithin z0 punctured agree on Set.univ - the identity theorem, stem form (master thm:identity).	The C2/C3 two-presentations-one-stem engine; via AnalyticOnNhd.eqOn_of_preconnected_of_frequently_eq.
xiOverProd_orderAt	Concentricity/ZetaAssembly.lean:87	theorem	DIAG-euler-weier	zeta	proved	meromorphicOrderAt (xi / zetaProd) z = 0 at every z — the quotient's divisor is empty, reading the stage-B match through the analytic/meromorphic bridge.	The divisor match transported to the quotient.
xi_eq_unit_mul_zetaProd	Concentricity/ZetaAssembly.lean:101	theorem	DIAG-euler-weier	zeta	proved	∃ h entire, nonvanishing, with ∀ z, xi z = h z · zetaProd z — extraction over the empty divisor plus the frequently-eq identity-theorem glue.	MeromorphicOn.extract_zeros_poles + ZetaInfinitude glue; the unit before its log.
etaPaired_eq_of_one_lt_re	Concentricity/ZetaRealZeros.lean:209	theorem	DIAG-euler-weier	zeta	proved	For 1 < s.re: etaPaired s = (1 − 2^(1−s))·riemannZeta s — the even/odd split of the Dirichlet series identifies S with the eta-factored ζ on the overlap.	Presentation agreement on the overlap region (HasSum.even_add_odd).
etaPaired_eq_poleFactor_mul	Concentricity/ZetaRealZeros.lean:349	theorem	DIAG-euler-weier	zeta	proved	For 0 < s.re: etaPaired s = poleFactor s · zetaPoleUnit s — the identity theorem on the convex half-plane extends the pole-cancelled identity to Re > 0.	Identity-theorem transport across the pole; the zero of 1−2^(1−s) at 1 cancels the pole.
xi_orderAt_eq_zetaProd_orderAt	Concentricity/ZetaXiMatch.lean:575	theorem	DIAG-euler-weier	zeta	proved	∀ s, analyticOrderAt xi s = analyticOrderAt zetaProd s — STAGE B COMPLETE: ξ and P have identical divisors at every point of ℂ; lower half folded by intrinsicality.	The precise level-matching of the extension move (author 2026-07-05); consumed by ZetaAssembly.
ASection.worldRot_one	Concentricity/AFunctor.lean:59	theorem	DIAG-laws	sphereworld	proved	worldRot 1 = 𝟭 SphereWorld.	Functor.ext + group.
ASection.worldRot_comp	Concentricity/AFunctor.lean:68	theorem	DIAG-laws	sphereworld	proved	worldRot g ⋙ worldRot h = worldRot (h*g) — contravariant multiplicativity.	Supplies functorA's map_comp.
ASection.gpvPopulated_extends_populated	Concentricity/IntegrateTheorem.lean:337	theorem	DIAG-laws	old-total	proved	(gpvPopulated n).witness.arrow = (populated n).arrow — the enriched arrow IS the frozen closing arrow, by rfl.	The anti-vacuity pin of Mode A1: the enrichment literally extends the frozen population.
ASection.c3_atN	Concentricity/ASection.lean:176	field	DIAG-poleN	stem	def	Summable (fun n => 1 / (1 + ‖sphereZero n‖^2)) — C3 read AT N: quadratic point-density of the divisor in the chart at the pole/infinity.	Author register: NOT level-blind — attaches all the levels; D0 rung closing Island P; ζ discharges by zetaSphereZero_density.
ASection.pole_encounters_joined_concentric	Concentricity/FaithfulApply.lean:354	theorem	DIAG-poleN	mixed	proved	∀δ>0 ∃ real x near the pole with F(x)=-r, log r>M, and the octonionic exp-fibre over -r path-connected through S6 with re constant = log r along every join.	The witness/pole side of clause (vii); stem pole passage + Octonion fibre join.
ASection.cone_junction_levels_shared	Concentricity/IntegrateTheorem.lean:167	theorem	DIAG-poleN	stem	proved	∃L0: every L≥L0 is a tape value log‖F(x)‖ at some x<pole AND at some x>pole — both sides of N share every sufficiently high level.	The junction readout's cone end; escape + sweep composed. Value-register only.
ASection.level_circle_meets	Concentricity/LogManifold.lean:1098	theorem	DIAG-poleN	mixed	proved	On OnePoint R the value-side level tape ((log||A.F z|| : R) : OnePoint R) tends to the SAME point infty along the pole (levels -> +inf) and along every enumerated zero (levels -> -inf).	THE LEVEL CIRCLE: two ends of the level line meet through the one N. Mixed stem + carrier (OnePoint R). R10: value-side, no placement claim.
ASection.pole_cone_chart	Concentricity/LoopAssembly.lean:199	theorem	DIAG-poleN	stem	proved	(A.F z)⁻¹ → 0 as z → pole within {pole}ᶜ — the inverse-chart reading of the cone.	Compactified reading (rmk:compactify): values approach the point at infinity in the inverse chart.
ASection.pole_cone_eps_delta	Concentricity/LoopAssembly.lean:207	theorem	DIAG-poleN	stem	proved	∀ ε > 0 ∃ δ > 0: z ≠ pole, dist z pole < δ ⇒ ‖(A.F z)⁻¹‖ < ε.	Draft I's opening clause (author 2026-07-06): ε-chart-ball about N ← δ-ball about the pole.
inv_re_bridge	Concentricity/StemFactorization.lean:425	theorem	DIAG-poleN	generic	proved	ρ ≠ 0 → ‖ρ‖² · (1/ρ).re = ρ.re — B2.0, the inverse-coordinate bridge, ‖ρ‖²-form pinned.	Inverse-chart identity; never τ²-normalized (PLAN §6 correction); confirmed 2026-07-04.
BaseC.le_nPt	Concentricity/TransportObject.lean:73	theorem	DIAG-poleN	old-total	proved	x ≤ nPt for every x : BaseC — every object closes to 𝔫.	The cone-junction arrow existence.
TotalTransport.toNHom	Concentricity/TransportObject.lean:110	def	DIAG-poleN	old-total	def	ofBase x ⟶ nObj: base leg the thin arrow x ⟶ 𝔫, fibre leg the band identity — the closing arrow the transport rides.	Categorical shadow of continuation through the real pole to N (C1).
ASection.intrinsic	Concentricity/ASection.lean:58	field	DIAG-slice	stem	def	intrinsic : IsIntrinsic F — slice preservation of the section's stem.	
ASection.c2_intrinsic	Concentricity/ASection.lean:81	field	DIAG-slice	stem	def	∀ p, IsIntrinsic (ℓ p) — C2: the family members are slice-preserving.	
ASection.c3_R_intrinsic	Concentricity/ASection.lean:117	field	DIAG-slice	stem	def	IsIntrinsic Rfac — C3: R is slice-preserving.	
ASection.c3_g_intrinsic	Concentricity/ASection.lean:127	field	DIAG-slice	stem	def	IsIntrinsic gfac — C3: g slice-preserving.	
ASection.real_on_real	Concentricity/ASection.lean:214	theorem	DIAG-slice	stem	proved	∀ x : ℝ, (A.F x).im = 0 — the section's stem is real on the real axis (def:section-map: A(ℝ) ⊆ ℝ).	DERIVED (R10) from intrinsicality; the base-circle real value channel.
ASection.domain_crossing_obstruction	Concentricity/FlipWeld.lean:860	theorem	DIAG-slice	stem	proved	If Γ = A.F ∘ δ and (δ t).im = 0 then t ∈ obstructionSet Γ and Γ t = A.F (re (δ t)) — domain-real crossings land in the value obstruction set at real footpoint values.	§D CONTACT ROW; over ASection (C1–C4); uses real_on_real (A(ℝ) ⊆ ℝ intrinsicality, def:section-map).
ASection.crossing_value_real	Concentricity/FlipWeld.lean:970	theorem	DIAG-slice	stem	proved	((x − pole)·A.F x).im = 0 at real x — the gauged crossing value is real together with its pole gauge.	over ASection; intrinsicality of F on ℝ with the C1 pole gauge.
ASection.normalizedSectionObject_world	Concentricity/NormalizedAction.lean:59	theorem	DIAG-slice	mixed	proved	(normalizedSectionObject X).1 = X.1 — the action fixes the world label.	simp rfl.
ASection.normalizedZeroPoint_mem_sliceSphere	Concentricity/NormalizedBase.lean:83	theorem	DIAG-slice	mixed	proved	normalizedZeroPoint n I ∈ sliceSphere I.val.	
ASection.normalizedSectionPoint_mem_sliceSphere	Concentricity/NormalizedBase.lean:101	theorem	DIAG-slice	mixed	proved	normalizedSectionPoint n I ∈ sliceSphere I.val — slice preservation keeps the value in the same sphere.	Via realize_mem_sliceSphere (Slice.lean:371).
Octonion.sliceEmbed_mul	Concentricity/Slice.lean:73	theorem	DIAG-slice	domain-H1	proved	For v in the unit imaginary sphere: sliceEmbed v (z*w) = sliceEmbed v z * sliceEmbed v w — φ_v is multiplicative (subalgebra iso to C).	master def:slices verbatim clause; uses v*v = -1.
Octonion.re_sliceEmbed	Concentricity/Slice.lean:111	theorem	DIAG-slice	domain-H1	proved	For unit imaginary v: re (sliceEmbed v ζ) = ζ.re.	Chart-coordinate compatibility, real leg.
Octonion.im_sliceEmbed	Concentricity/Slice.lean:115	theorem	DIAG-slice	domain-H1	proved	For unit imaginary v: im (sliceEmbed v ζ) = ζ.im • v.	Chart-coordinate compatibility, imaginary leg.
Octonion.normSq_sliceEmbed	Concentricity/Slice.lean:139	theorem	DIAG-slice	domain-H1	proved	normSq (sliceEmbed v ζ) = ζ.re² + ζ.im² — the slice embedding is norm-square preserving (orthogonality of the two legs via innerO).	Isometry of the chart; innerO_one against imaginarity of v.
Octonion.sliceEmbed_dir_sliceCoord	Concentricity/Slice.lean:151	theorem	DIAG-slice	domain-H1	proved	sliceEmbed (dir x) (sliceCoord x) = x — every octonion is the embedding of its slice coordinate along its direction; junk-robust at real points.	The reconstruction identity: chart ∘ co-chart = id.
Octonion.sliceCoord_sliceEmbed	Concentricity/Slice.lean:161	theorem	DIAG-slice	domain-H1	proved	sliceCoord (sliceEmbed v ζ) = ⟨ζ.re, |ζ.im|⟩ for unit imaginary v.	Co-chart ∘ chart: folds to the upper half-plane.
Octonion.dir_sliceEmbed_of_pos	Concentricity/Slice.lean:165	theorem	DIAG-slice	domain-H1	proved	ζ.im > 0 → dir (sliceEmbed v ζ) = v.	Upper half-plane case of the direction recovery.
Octonion.dir_sliceEmbed_of_neg	Concentricity/Slice.lean:170	theorem	DIAG-slice	domain-H1	proved	ζ.im < 0 → dir (sliceEmbed v ζ) = -v.	Lower half-plane case; pairs with sliceEmbed_neg_conj.
Octonion.dir_sliceEmbed_of_im_zero	Concentricity/Slice.lean:175	theorem	DIAG-slice	domain-H1	proved	ζ.im = 0 → dir (sliceEmbed v ζ) = 0 (the junk value at real points).	Real case: the direction junk, never consumed downstream.
Octonion.sliceEmbed_neg_conj	Concentricity/Slice.lean:182	theorem	DIAG-slice	domain-H1	proved	sliceEmbed (-v) (conj w) = sliceEmbed v w — the opposite direction sees the conjugate coordinate.	Symmetrizes the lower-half-plane case with intrinsicality in realize_mem_sliceSphere.
ASection.realize_mem_sliceSphere	Concentricity/Slice.lean:371	theorem	DIAG-slice	domain-H1	proved	For unit imaginary v and q ∈ sliceSphere v: realize q ∈ sliceSphere v — slice preservation of values, A(C_I*) ⊆ C_I*.	master def:section-map(i); trichotomy on ζ.im, intrinsicality symmetrizes the lower half-plane.
IsIntrinsic	Concentricity/StemRing.lean:34	def	DIAG-slice	stem	def	IsIntrinsic (F : ℂ → ℂ) : Prop := ∀ z, F (conj z) = conj (F z) — the stem-level slice-preservation predicate (def:slice-preserving (i)/(ii)).	SOURCED docstring quotes def:slice-preserving; consumed by every intrinsic field/row downstream.
StemRing.isIntrinsic	Concentricity/StemRing.lean:74	theorem	DIAG-slice	stem	proved	For f : StemRing, IsIntrinsic (f : ℂ → ℂ).	Membership unpack.
StemRing.real_on_real	Concentricity/StemRing.lean:110	theorem	DIAG-slice	stem	proved	IsIntrinsic F → ∀ x : ℝ, (F x).im = 0 — intrinsic stems are real on the real axis (def:slice-preserving (iii)).	DERIVED register (R10); grounds real values on the base circle; consumed by ASection.real_on_real.
sliceCoord_embed_of_im_pos	Concentricity/SynthesisE6.lean:105	theorem	DIAG-slice	domain-H1	proved	For v ∈ unitImaginarySphere and 0 < z.im: Octonion.sliceCoord (Octonion.sliceEmbed v z) = z — the slice coordinate of an embedded upper-half point is itself.	private helper; ε-encounter form of PhiConversion's sliceCoord_sphere_pt.
im_embed_ne_zero	Concentricity/SynthesisE6.lean:112	theorem	DIAG-slice	domain-H1	proved	For v ∈ unitImaginarySphere and z.im ≠ 0: Octonion.im (Octonion.sliceEmbed v z) ≠ 0 — the embedding of a non-real point is non-real.	private helper; via normSq_smul against v's norm 1.
Octonion.exp_sliceEmbed	Concentricity/Toolkit.lean:57	theorem	DIAG-slice	domain-H1	proved	For v in unitImaginarySphere and 0 <= zeta.im: exp (sliceEmbed v zeta) = sliceEmbed v (Complex.exp zeta) - the slice display pin, upper-half convention.	Docstring says 'Queued (R8)' but the proof is present - stale queue note.
Octonion.exp_sliceEmbed_of_im_neg	Concentricity/Toolkit.lean:75	theorem	DIAG-slice	domain-H1	proved	For zeta.im < 0: exp (sliceEmbed v zeta) = sliceEmbed v (Complex.exp zeta) - the lower-half (conjugate) clause via dir_sliceEmbed_of_neg + sliceEmbed_neg_conj + exp o conj = conj o exp.	Faithfulness of the master's 'x, y in R'; proved despite 'Queued (R8)' docstring.
Octonion.exp_sliceEmbed'	Concentricity/Toolkit.lean:117	theorem	DIAG-slice	domain-H1	proved	The slice display without a sign hypothesis: exp (sliceEmbed v zeta) = sliceEmbed v (Complex.exp zeta) for every zeta : C, v in unitImaginarySphere.	The two half-plane pins combined; heavily consumed by LogManifold's fibre rows.
Octonion.sliceEmbed_eq_smul	Concentricity/WeldW3.lean:104	theorem	DIAG-slice	domain-H1	proved	sliceEmbed v z = z.re • (1 : Octonion) + z.im • v — the slice embedding in scalar-action form.	definitional helper for continuity of slice-embedded loops; via ofReal_eq_smul_one (Slice.lean).
riemannZeta_conj	Concentricity/ZetaConj.lean:62	theorem	DIAG-slice	zeta	proved	riemannZeta (conj s) = conj (riemannZeta s) for EVERY s : ℂ (Mathlib's ascribed value at s = 1 included, riemannZeta_one being real).	THE CONJUGATION PIN, DERIVED (R10): Dirichlet series termwise on Re>1 + identity theorem over connected ℂ∖{1}. Titchmarsh cite is faithfulness only.
riemannZeta_intrinsic	Concentricity/ZetaConj.lean:125	theorem	DIAG-slice	zeta	proved	IsIntrinsic riemannZeta — ζ is an intrinsic stem (∀ z, ζ(conj z) = conj(ζ z)).	The stem face of thm:zeta-in-R consumed by cor:zeta-section's intrinsic field; IsIntrinsic is the stem-level predicate (StemRing.lean:34).
riemannZeta_im_ofReal	Concentricity/ZetaConj.lean:130	theorem	DIAG-slice	zeta	proved	(riemannZeta (x : ℝ)).im = 0 — ζ is real on the real axis.	def:zeta_O(ii)'s 'ζ(s) ∈ ℝ' clause; DERIVED through StemRing.real_on_real from the intrinsic pin.
zetaO_sliceEmbed	Concentricity/ZetaOctonion.lean:88	theorem	DIAG-slice	domain-H1	proved	For v ∈ S⁶, 0 < ζ.im: zetaO (sliceEmbed v ζ) = sliceEmbed v (riemannZeta ζ) — the slice display law, upper half (def:zeta_O(i)).	ζ_𝕆∘φ_v = φ_v∘ζ on the upper half; exp_sliceEmbed pattern.
zetaO_sliceEmbed_of_im_neg	Concentricity/ZetaOctonion.lean:181	theorem	DIAG-slice	domain-H1	proved	For v ∈ S⁶, ζ.im < 0: zetaO (sliceEmbed v ζ) = sliceEmbed v (riemannZeta ζ) — the slice display law, lower half; the two sign reversals cancel via the conjugation pin.	prop:well-defined's cancellation clause; riemannZeta_conj + sliceEmbed_neg_conj.
zetaO_sliceEmbed'	Concentricity/ZetaOctonion.lean:223	theorem	DIAG-slice	domain-H1	proved	For v ∈ S⁶, ζ ≠ 1: zetaO (sliceEmbed v ζ) = sliceEmbed v (riemannZeta ζ) — Island B2, prop:well-defined: the ONE display law with no sign hypothesis.	Trichotomy assembly of upper/lower/real clauses; well-definedness of ζ_𝕆.
zetaO_mem_sliceSphere	Concentricity/ZetaOctonion.lean:262	theorem	DIAG-slice	domain-H1	proved	For v ∈ S⁶, q ∈ sliceSphere v: zetaO q ∈ sliceSphere v — Island B3, thm:zeta-in-R's slice-preservation face: ζ_𝕆 maps each compactified slice sphere into itself.	Slice-regularity clause rides the docstring per the Octonion.exp convention; pole lands on ∞ ∈ every sphere.
zetaC2_intrinsic	Concentricity/ZetaSection.lean:70	theorem	DIAG-slice	zeta	proved	∀ p : Nat.Primes, IsIntrinsic (zetaEulerLog p).	Formal computation by the symmetrized shape.
zetaRfac_intrinsic	Concentricity/ZetaSection.lean:285	theorem	DIAG-slice	zeta	proved	IsIntrinsic zetaRfac — off 0 by Gammaℝ_conj; at 0 the update value 1/2 is real.	zetaRfac itself defined upstream (ζ assembly layer); the 1/Γℝ unit with the origin's zero divided out.
zetaGfac_intrinsic	Concentricity/ZetaSection.lean:397	theorem	DIAG-slice	zeta	proved	IsIntrinsic zetaGfac.	choose_spec projection.
weierstrassE_conj	Concentricity/ZetaXiMatch.lean:39	theorem	DIAG-slice	stem	proved	weierstrassE p (conj w) = conj (weierstrassE p w) — the elementary factor E_p has real coefficients, so it is conj-equivariant.	Conj-equivariance = stem shadow of slice preservation; feeds spherePrimary_conj and the intrinsic divisor fold.
spherePrimary_conj	Concentricity/ZetaXiMatch.lean:51	theorem	DIAG-slice	stem	proved	spherePrimary p a (conj w) = conj (spherePrimary p a w) — the conjugate-pair factor is swap-symmetric under conjugation in the variable.	Pair factor's conj-equivariance; feeds zetaProd_intrinsic.
IsIntrinsic.analyticOrderAt_conj	Concentricity/ZetaXiMatch.lean:92	theorem	DIAG-slice	stem	proved	For intrinsic f analytic everywhere: analyticOrderAt f (conj s) = analyticOrderAt f s — intrinsic entire functions have conjugation-symmetric divisors.	Folds the lower half-plane divisor onto the upper — the free half of the B2 order match.
zetaProd_intrinsic	Concentricity/ZetaXiMatch.lean:157	theorem	DIAG-slice	zeta	proved	IsIntrinsic zetaProd — P(conj z) = conj (P z), termwise conj-equivariance pushed through the infinite product.	Uses HasProd.map along starRingEnd; slice-preservation shadow of the C3 presentation.
completedRiemannZeta₀_conj	Concentricity/ZetaXiMatch.lean:172	theorem	DIAG-slice	zeta	proved	completedRiemannZeta₀ (conj s) = conj (completedRiemannZeta₀ s) — Λ₀ is intrinsic, by the identity theorem on the connected plane from Re > 1 agreement.	ZetaConj identity-theorem pattern, no puncture needed since Λ₀ is entire.
xi_intrinsic	Concentricity/ZetaXiMatch.lean:223	theorem	DIAG-slice	zeta	proved	IsIntrinsic xi — pointwise algebra over completedRiemannZeta₀_conj (xi = s(s−1)Λ₀ + 1).	xi defined in ZetaInfinitude.lean; makes ξ's divisor conjugation-symmetric.
Octonion.pr1_Eexp	Concentricity/LogManifold.lean:364	theorem	DIAG-triangle	domain-H1	proved	(Eexp q).1 = exp q - the commuting triangle pi o E = exp (VS Rem 5.2(a)), by rfl.	Definitional, as printed ('by definition').
Octonion.exp_Llog	Concentricity/LogManifold.lean:407	theorem	DIAG-triangle	domain-H1	proved	exp (Llog x) = x.1 for x in logManifold - exp(L x) = pi x, the display closing VS Def 5.5.	exp(lift) = value on the manifold; consumed by continuation_of_isLift.
ASection.TotalA	Concentricity/AFunctor.lean:137	def	ENGINE	old-total	def	Type := Grothendieck (functorA ⋙ Grpd.forgetToCat) — T_A = ∫_{A.Base} A.	On the contaminated list; category instance at line 140 (inferInstanceAs, boilerplate).
TotalObject	Concentricity/Base.lean:61	def	ENGINE	old-total	def	TotalObject := Grothendieck (bandFunctor ⋙ forgetToCat) — 𝒯 = ∫_𝓑 F on the static base.	Category instance at 63 (boilerplate).
TotalObject.level_eq_of_zigzag	Concentricity/Base.lean:81	theorem	ENGINE	old-total	proved	Zigzag X Y → level X = level Y — the level is conserved along every zigzag of 𝒯.	Via Grothendieck.forget projection + Discrete.eq_of_hom.
TotalObject.zigzag_iff_level	Concentricity/Base.lean:119	theorem	ENGINE	old-total	proved	Zigzag X Y ↔ level X = level Y — zigzag-reachability carries exactly the level in the static base.	
ASection.transport_pi0_singleton	Concentricity/ConcentricityReadout.lean:171	theorem	ENGINE	old-total	proved	Subsingleton (ConnectedComponents TotalTransport) — π0(𝒯^𝔫) is the singleton set, via classOf_eq_nClass.	In-file flag: lives on the old thin-cone transport, NOT the argument's carrier (author's catch 2026-07-11).
ASection.totalA_pi0_singleton	Concentricity/ConcentricityReadout.lean:197	theorem	ENGINE	old-total	sorried	Subsingleton (ConnectedComponents A.TotalA) — the author's singleton on T_A = ∫_{A.Base} A, run through the readout equivalence, jointly_surjective, toColimitObj, toColimitObj_eq_of_zigzag.	sorry at line 208: the zig-zag inside the colimit remains; one of the file's two sorries.
ASection.label_class_eq_nClass	Concentricity/ConcentricityReadout.lean:228	theorem	ENGINE	old-total	proved	transportClass n = ConnectedComponents.mk TotalTransport.nObj — the footpoint class at each zero's real part IS 𝔫's class.	Author's sentence (2a): the middle zig-zag to N; delegates to classOf_eq_nClass.
ASection.concentricity_transport_gpv	Concentricity/IntegrateTheorem.lean:357	theorem	ENGINE	old-total	proved	For GPV-populated A: transportClass n = transportClass m — the zero classes coincide in the populated 𝒯^𝔫, consuming the enriched witnesses' own closing arrows.	Mode A2: thm:concentricity on the enriched object; delegates to frozen concentricity_transport via forget.
ASection.transport_universal_gpv	Concentricity/IntegrateTheorem.lean:364	theorem	ENGINE	old-total	proved	Class-wide: for EVERY A-section, transportClass n = transportClass m through its own gpvPopulated.	Enriched form of frozen transport_universal; consumed by ConcentricityReadout's gpvZigzag feed.
KeystoneAssembly.example_zigzag_iff_level (anonymous example)	Concentricity/KeystoneAssembly.lean:73	example	ENGINE	old-total	proved	Zigzag (TotalObject.ofLevel (A.transportLevel n)) (TotalObject.ofLevel (A.transportLevel m)) ↔ A.transportLevel n = A.transportLevel m.	CONTAMINATED row: TotalObject/Zigzag from Base.lean (old static base); docstring: zigzag must be SUPPLIED to 𝒯, not extracted from it.
S2.zigzag_of_gen	Concentricity/PhiConversion.lean:211	theorem	ENGINE	domain-H1	proved	Gen w w' → Zigzag (S2.of w) (S2.of w') — each generator yields a zigzag of 𝒮₂ via the quotient functor on toPath.	generator-to-zigzag plumbing for the backward direction of π₀(𝒮₂)
sphereWorld_zigzag	Concentricity/SliceSphereWorld.lean:288	theorem	ENGINE	sphereworld	proved	Zigzag I J for all I J : SphereWorld — any two worlds joined by a direction morphism; π₀(𝒮₂) is one component.	Via G2.exists_smul_eq_of_mem_unitImaginarySphere (Baez thm:G2-S6); fibre-connectedness input to any readout.
pi0Functor	Concentricity/Theorem.lean:31	def	ENGINE	generic	def	pi0Functor : Cat ⥤ Type — obj = ConnectedComponents, map = Functor.mapConnectedComponents; functor laws by Quotient induction.	π₀ : Cat → Set, left adjoint reading of lem:pi0-grothendieck proof; generic Mathlib-level machinery
pi0Cocone	Concentricity/Theorem.lean:52	def	ENGINE	generic	def	For F : B ⥤ Grpd, the cocone on (F ⋙ forgetToCat) ⋙ pi0Functor with apex π₀(∫F); leg at b sends mk x to mk ⟨b,x⟩ via Grothendieck.ι; naturality by ιNatTrans zigzag.	cocartesian register only (PHASE4_PLAN guardrail); DERIVED (R10)
toColimitObj	Concentricity/Theorem.lean:68	def	ENGINE	generic	def	toColimitObj F X : colimit ((F ⋙ forgetToCat) ⋙ pi0Functor) — the colimit class at X.base of the fibre component mk X.fiber.	object part of the π₀-Grothendieck comparison
toColimitObj_eq_of_hom	Concentricity/Theorem.lean:77	theorem	ENGINE	generic	proved	A morphism φ : X ⟶ Y of ∫F gives toColimitObj F X = toColimitObj F Y — base leg absorbed by colimit.w, fibre leg by the fibre's π₀.	'zigzags project to the base and join fibrewise' (lem:pi0-grothendieck proof)
toColimitObj_eq_of_zigzag	Concentricity/Theorem.lean:92	theorem	ENGINE	generic	proved	Zigzag X Y in ∫F implies toColimitObj F X = toColimitObj F Y, by refl-trans closure of toColimitObj_eq_of_hom.	consumed by ASection.concentricity's proof (ConcentricityReadout.lean per repositioning note)
pi0GrothendieckEquiv	Concentricity/Theorem.lean:108	def	ENGINE	generic	def	ConnectedComponents (Grothendieck (F ⋙ forgetToCat)) ≃ colimit ((F ⋙ forgetToCat) ⋙ pi0Functor) — forward Quotient.lift of toColimitObj, inverse colimit.desc of pi0Cocone.	the named canonical equivalence of lem:pi0-grothendieck; round trips via Types colimit presentation
pi0_grothendieck	Concentricity/Theorem.lean:144	theorem	ENGINE	generic	proved	Nonempty (ConnectedComponents (Grothendieck (F ⋙ forgetToCat)) ≃ colimit ((F ⋙ forgetToCat) ⋙ pi0Functor)) for any F : B ⥤ Grpd.	master lem:pi0-grothendieck CLOSED; Thomason reading expository, NOT used
TotalTransport	Concentricity/TransportObject.lean:85	def	ENGINE	old-total	def	TotalTransport := Grothendieck (bandFunctorC ⋙ forgetToCat) — the populated total object 𝒯^𝔫 = ∫_{𝓑^𝔫} F.	Category instance at 87 (inferInstanceAs, boilerplate).
TotalTransport.zigzag_to_n	Concentricity/TransportObject.lean:117	theorem	ENGINE	old-total	proved	Zigzag (ofBase x) nObj — a morphism to 𝔫 puts any object in 𝔫's zigzag class.	Zigzag.of_hom; 'the small argument'.
TotalTransport.classOf_eq_nClass	Concentricity/TransportObject.lean:121	theorem	ENGINE	old-total	proved	ConnectedComponents.mk (ofBase x) = ConnectedComponents.mk nObj for every base point.	
ASection.concentricity_transport	Concentricity/TransportObject.lean:184	theorem	ENGINE	old-total	proved	Given hA : Populated: transportClass n = transportClass m — the re-encoded theorem on 𝒯^𝔫, connected at 𝔫 by the witnesses' arrows.	Consumes arrows, never level comparison; Pin 2 prices what this cannot yield.
ASection.transport_universal	Concentricity/TransportObject.lean:195	theorem	ENGINE	old-total	proved	HONESTY PIN 1: transportClass n = transportClass m unconditionally — class-wide by design, via populated.	Level-separating readout deferred downstream per docstring.
ASection.sphereZero	Concentricity/ASection.lean:115	field	MAP-address	stem	def	sphereZero : ℕ → ℂ — C3 datum: {qₙ} enumerating the residue-ℂ zero-spheres, by upper-half-plane stem representatives.	The divisor enumeration every zero-address row rides.
ASection.zeroAddress	Concentricity/ConcentricityReadout.lean:161	def	MAP-address	mixed	def	zeroAddress A n : A.TotalA := Grothendieck.mk (functorA ⋙ forgetToCat) anchor baseWorld — the n-th zero-sphere's address in T_A (n unused).	TotalA/functorA (old-total) at old-base anchor; flagged in zero_levels_common as a substitute feed REMOVED per author ruling.
ASection.sphereZero_norm_tendsto_atTop	Concentricity/InboxWire.lean:398	theorem	MAP-address	stem	proved	Tendsto (fun n => ‖A.sphereZero n‖) atTop atTop — the enumerated divisor leaves every bounded set: the march to N.	C3-through-N (c3_atN via indices_in_closedBall_finite, PairingE2); AdFslice Prop 3.1(ii)/GSS 3.12 analogue
ASection.sphereZero_im_tendsto_atTop	Concentricity/InboxWire.lean:422	theorem	MAP-address	stem	proved	Tendsto (fun n => (A.sphereZero n).im) atTop atTop — the divisor climbs the strip to N: escape in norm redirected to height by the strip walls.	jointly consumes c3_atN, c3_lowerEdge, re_le_upperEdge (C2 wall), c3_sphere_nonreal; class-wide zeros-march-up picture
ASection.indices_below_height_finite	Concentricity/InboxWire.lean:456	theorem	MAP-address	stem	proved	{n : ℕ | (A.sphereZero n).im ≤ T}.Finite for every T — N(T) is a genuine finite count for every A-section.	strip walls close the band {Im ≤ T} into a bounded region trapped by c3_atN's point-density
ASection.normalizedZeroSlicePoint_world	Concentricity/NormalizedAction.lean:62	theorem	MAP-address	mixed	proved	(normalizedZeroSlicePoint n I).1 = I.	simp rfl.
ASection.normalizedZeroSlicePoint_value	Concentricity/NormalizedAction.lean:65	theorem	MAP-address	mixed	proved	(normalizedZeroSlicePoint n I).2.val = normalizedZeroPoint n I.	simp rfl.
ASection.normalizedZero_index	Concentricity/NormalizedBase.lean:48	theorem	MAP-address	mixed	proved	(normalizedZero n I).index = n.	simp rfl.
ASection.normalizedZeroLift	Concentricity/NormalizedBase.lean:75	def	MAP-address	mixed	def	Octonion point of the n-th C-residue sphere in world I: sliceEmbed I.val (sphereZero n).	Ranging I sweeps the points of the normalized zero 6-sphere.
ASection.indices_in_closedBall_finite	Concentricity/PairingE2.lean:201	theorem	MAP-address	stem	proved	{k : ℕ | A.sphereZero k ∈ Metric.closedBall c R}.Finite: any closed disk traps finitely many enumeration indices, from c3_atN's decay of 1/(1+‖ρₖ‖²).	Zero-enumeration density row; supplies the head finsets of the ledger.
ASection.exists_head_finset	Concentricity/PairingE2.lean:610	theorem	MAP-address	stem	proved	∃ s : Finset ℕ, ∀ k, k ∈ s ↔ A.sphereZero k ∈ Metric.ball c R — the canonical trapped-index finset exists for every disk.	From indices_in_closedBall_finite.
ASection.sliceCoord_sphere_pt	Concentricity/PhiConversion.lean:446	theorem	MAP-address	domain-H1	proved	sliceCoord (sliceEmbed v (A.sphereZero n)) = A.sphereZero n for v ∈ unitImaginarySphere — the coordinate of a sphere representative is the enumerated zero itself.	uses c3_sphere_nonreal (upper-half representatives)
ASection.fiber_tally_pos	Concentricity/SigmaE3.lean:330	theorem	MAP-address	stem	proved	0 < Nat.card {k | A.sphereZero k = A.sphereZero n} — the enumeration fiber at each zero is nonempty and finite.	Via sphereZero_fiber_finite; makes each zero-circle wind ≥ 1.
ASection.sphereZero_complete	Concentricity/StemFactorization.lean:133	theorem	MAP-address	stem	proved	A.F z = 0 → 0 < z.im → ∃ n, A.sphereZero n = z — every upper-half stem zero is enumerated (completeness half of the divisor bundle).	Via §8-repaired c3_factorization + §4α majorant nonvanishing of every right-side factor.
ASection.sphereZero_fiber_finite	Concentricity/StemFactorization.lean:463	theorem	MAP-address	stem	proved	{k | A.sphereZero k = A.sphereZero n}.Finite — every zero value is enumerated with finite multiplicity.	From c3_locMajorant: infinite fiber would pin u k ≥ 1 infinitely often against Summable u.
ASection.exists_rect_head_finset	Concentricity/WeldW12.lean:958	theorem	MAP-address	stem	proved	Exists a finset s of indices with k in s iff sphereZero k in openRect x1 x2 y1 y2 — the rectangle traps finitely many enumerated zeros.	Via indices_in_closedBall_finite (PairingE2, c3_atN density); head finset for W2(d).
ASection.trapped_counts_additive	Concentricity/WeldW12.lean:1370	theorem	MAP-address	stem	proved	Disjoint traps Un, Um inside UR with trapped finsets sn, sm, sR: sn.card + sm.card <= sR.card — the only cross-contour relation the counting forces.	The drive's verdict made a theorem: additivity and nothing more; over arbitrary subsets of C.
zeroParams_infinite	Concentricity/ZeroSpheres.lean:163	theorem	MAP-address	zeta	proved	The image of the nontrivial-zero set under s ↦ (s.re, |s.im|) is infinite — the parameter set of the spheres.	(iv) stepping stone; ≤2-to-1 fibre argument over riemannZeta_nontrivialZeros_infinite.
zetaEnum_count_le_sum_mult	Concentricity/ZetaDensityCore.lean:50	theorem	MAP-address	zeta	proved	ncard {k | ‖zetaSphereZero k‖ < T} ≤ Σ over upper ball zeros ρ of zetaZeroMult ρ — enumeration ball-count bounded by summed multiplicities.	The pairs injection (zetaZeroEnum injective into zetaZeroPairs) + union bound; ties the address enumeration to multiplicity counting.
zetaShellIdx	Concentricity/ZetaDensityCore.lean:216	def	MAP-address	zeta	def	zetaShellIdx k := Nat.log 2 (⌊‖zetaSphereZero k‖⌋ + 1) — the dyadic shell index of an enumerated zero.	Milestone (ii) address helper: assigns each enumerated zero its dyadic shell j.
zetaUpperZeros_countable	Concentricity/ZetaDivisor.lean:50	theorem	MAP-address	zeta	proved	zetaUpperZeros.Countable — from discreteness: each closed ball meets the zero set finitely, countably many balls cover ℂ.	IsCompact.inter_riemannZetaZeros_finite over a ball cover; enumeration prerequisite.
zetaZeroPairs	Concentricity/ZetaDivisor.lean:128	def	MAP-address	zeta	def	zetaZeroPairs = {p : ℂ × ℕ | p.1 ∈ zetaUpperZeros ∧ p.2 < zetaZeroMult p.1} — the divisor as (zero, repetition index) pairs.	The multiset carrier of the repeated enumeration; no hidden simplicity assumption (R8).
zetaZeroPairs_countable	Concentricity/ZetaDivisor.lean:131	theorem	MAP-address	zeta	proved	zetaZeroPairs.Countable — from zetaUpperZeros_countable × countable ℕ.	Enumeration prerequisite.
zetaZeroPairs_infinite	Concentricity/ZetaDivisor.lean:136	theorem	MAP-address	zeta	proved	zetaZeroPairs.Infinite — via the injection s ↦ (s, 0) from the infinite upper-half zero set.	Enumeration prerequisite.
zetaZeroEnum	Concentricity/ZetaDivisor.lean:147	def	MAP-address	zeta	def	zetaZeroEnum : ℕ ≃ ↥zetaZeroPairs — the bijective enumeration of the divisor pairs (nonempty_denumerable_iff: countable + infinite).	The addressing bijection behind zetaSphereZero.
zetaSphereZero	Concentricity/ZetaDivisor.lean:157	def	MAP-address	zeta	def	zetaSphereZero n = (zetaZeroEnum n).1.1 — the divisor-repeated enumeration: each upper-half zero appears exactly multiplicity-many times.	The sphereZero data of cor:zeta-section (author ruling 2026-07-05).
zetaSphereZero_mem	Concentricity/ZetaDivisor.lean:160	theorem	MAP-address	zeta	proved	zetaSphereZero n ∈ zetaUpperZeros for every n.	Membership row of the enumeration.
zetaSphereZero_im_pos	Concentricity/ZetaDivisor.lean:164	theorem	MAP-address	zeta	proved	0 < (zetaSphereZero n).im for every n — every enumerated zero is strictly upper-half.	Feeds c3_sphere_nonreal.
zetaSphereZero_zero	Concentricity/ZetaDivisor.lean:167	theorem	MAP-address	zeta	proved	riemannZeta (zetaSphereZero n) = 0 for every n — every enumerated point is a zero.	Faithfulness of the address map to the zero set.
zetaSphereZero_surjective	Concentricity/ZetaDivisor.lean:172	theorem	MAP-address	zeta	proved	For s ∈ zetaUpperZeros: ∃ n, zetaSphereZero n = s — completeness: every upper-half zero is enumerated.	The divisor surjects onto the zero set.
zetaSphereZero_range	Concentricity/ZetaDivisor.lean:178	theorem	MAP-address	zeta	proved	Set.range zetaSphereZero = zetaUpperZeros — the range is exactly the upper-half zero set.	Exactness of the addressing.
zetaSphereZero_range_infinite	Concentricity/ZetaDivisor.lean:187	theorem	MAP-address	zeta	proved	(Set.range zetaSphereZero).Infinite — the enumerated range is infinite.	C4's engine at the enumeration; feeds c4_infinite.
zetaSphereZero_norm_lt_finite	Concentricity/ZetaWeierstrass.lean:168	theorem	MAP-address	zeta	proved	{n | ‖zetaSphereZero n‖ < R}.Finite — only finitely many enumerated zeros in any ball, via IsCompact.inter_riemannZetaZeros_finite through the pairs.	Discreteness of the enumeration; the geometric-majorant gateway.
zetaSphereZero_fiber_finite	Concentricity/ZetaXiMatch.lean:232	theorem	MAP-address	zeta	proved	{n | zetaSphereZero n = s}.Finite — the enumeration's fiber over any point is finite (sits in a norm ball).	Enumeration fiber finiteness; input to the fiber peel.
zetaSphereZero_fiber_ncard	Concentricity/ZetaXiMatch.lean:243	theorem	MAP-address	zeta	proved	For s ∈ zetaUpperZeros: {n | zetaSphereZero n = s}.ncard = zetaZeroMult s — the fiber has exactly multiplicity-many indices.	The divisor-repetition readout of the pairs construction, counted.
ASection.circleEmbed	Concentricity/ConnectedBase.lean:73	def	MAP-compactify	carrier	def	OnePoint ℝ → OnePoint ℂ := OnePoint.map Complex.ofReal — a circle point sits in the slice Riemann sphere ℂ*.	Carrier-compatible.
level_coe_cocompact_tendsto	Concentricity/LogManifold.lean:790	theorem	MAP-compactify	carrier	proved	The coe R -> OnePoint R carries the cocompact filter to nhds OnePoint.infty - both ends of the level line close up at the single infinity.	Compactification of the level line into the level CIRCLE; top-level (no namespace); feeds level_circle_meets.
ASection.normalizedZeroPoint	Concentricity/NormalizedBase.lean:79	def	MAP-compactify	mixed	def	The compactified form ↑(normalizedZeroLift n I) : OnePoint Octonion.	sphereworld + domain-H1.
G2.smul_onePoint_coe	Concentricity/Slice.lean:320	theorem	MAP-compactify	domain-H1	proved	g • (x : OnePoint Octonion) = ((g•x : Octonion) : OnePoint Octonion) (rfl).	Compactified-action compatibility at finite points; rfl plumbing with frame meaning.
sliceEmbed_eq_zero_iff	Concentricity/ZetaOctonion.lean:129	theorem	MAP-compactify	domain-H1	proved	For v ∈ S⁶: sliceEmbed v ζ = 0 ↔ ζ = 0 — the slice embedding vanishes only at the vanishing coordinate.	Chart-level injectivity at 0; support for the zero equivalence bridge.
ASection.functorA	Concentricity/AFunctor.lean:124	def	MAP-eval	old-total	def	A.Base ⥤ Grpd: obj _ = Grpd.of SphereWorld (constant on objects); map k = worldRot (poleGen ^ k.val); laws from worldRot_one/worldRot_comp.	Domain = old-base A.Base (ConnectedBase); on the contaminated functorA/TotalA/readout list; fibre is the locked SphereWorld.
ASection.F	Concentricity/ASection.lean:56	field	MAP-eval	stem	def	F : ℂ → ℂ — the intrinsic stem carrying the section; slicewise A(x+Iy) = F₁ + I·F₂ (def:section-map).	The one I-independent stem; every evaluation channel reads it.
ASection.Fstar	Concentricity/ConnectedBase.lean:26	def	MAP-eval	carrier	def	OnePoint ℂ → OnePoint ℂ: the compactified stem — Fstar ∞ = valueAtInfinity, Fstar ↑z = ↑(A.F z).	#4 of the connected-base build; carrier-compatible, rides into new architecture.
ASection.Fstar_infty	Concentricity/ConnectedBase.lean:29	theorem	MAP-eval	carrier	proved	Fstar ∞ = valueAtInfinity.	simp rfl.
ASection.Fstar_coe	Concentricity/ConnectedBase.lean:32	theorem	MAP-eval	carrier	proved	Fstar ↑z = ↑(A.F z).	simp rfl.
ASection.valuePath	Concentricity/FaithfulApply.lean:99	def	MAP-eval	stem	def	Bundled continuous value path C(unitInterval,C): t ↦ A.F (δ t) along a domain path δ avoiding the pole; continuity from C1's c1_analyticAt.	Section evaluation along a stem path; feeds gpvBase_transport.
ASection.valuePath_apply	Concentricity/FaithfulApply.lean:105	theorem	MAP-eval	stem	proved	valuePath δ hp t = A.F (δ t) (rfl unfolding).	simp rfl unfolding; borderline plumbing, kept for the eval chain.
ASection.normalizedSectionObject	Concentricity/NormalizedAction.lean:23	def	MAP-eval	mixed	def	NormalizedSlicePoint → NormalizedSlicePoint: world label retained, point sent to A.realize of it (slice preservation used literally).	Object part of the normalized section action; awaits promotion to a functor per header.
ASection.normalizedSectionObject_zero_value	Concentricity/NormalizedAction.lean:71	theorem	MAP-eval	mixed	proved	On normalized zero objects the action's value is normalizedSectionPoint n I — literal compactified section evaluation, not a fixed G2 rotation.	simp rfl; docstring contrasts with 'the previous fixed G2 rotation'.
ASection.normalizedSectionPoint	Concentricity/NormalizedBase.lean:98	def	MAP-eval	mixed	def	A.realize (normalizedZeroPoint n I) — the section's actual normalized action at a zero-sphere point.	realize from Slice.lean; the value channel.
ASection.realize_of_stem_zero	Concentricity/PhiConversion.lean:432	theorem	MAP-eval	domain-H1	proved	im x ≠ 0 ∧ A.F (sliceCoord x) = 0 → A.realize x = (0 : Octonion) — the realization at a non-real stem zero is the value-origin.	def:section-map(iii): 'if A vanishes at one point of the orbit it vanishes on the whole orbit'; guards analyticity via c1_analyticAt
ASection.phi_sphere_obj	Concentricity/PhiConversion.lean:478	theorem	MAP-eval	domain-H1	proved	(sectionFunctor A).obj (H1.of (sliceEmbed v (A.sphereZero n))) = S2.of 0 — Φ carries each zero-sphere onto the single object 0.	rmk:collapse-cone object clause as a theorem (master verbatim in docstring)
ASection.phi_glue	Concentricity/PhiConversion.lean:488	theorem	MAP-eval	domain-H1	proved	Φ-images of any two zero-sphere points (any n, m, v, w) are the SAME object of 𝒮₂ — (sectionFunctor A).obj agrees on all residue-ℂ zero-sphere points.	THE GLUE (author 2026-07-06: 'the A-section functor … is what glues these')
ASection.phi_class_eq	Concentricity/PhiConversion.lean:498	theorem	MAP-eval	domain-H1	proved	(sectionFunctor A).mapConnectedComponents (mk (H1.of (sphere point n,v))) = mk (S2.of 0) — Φ's π₀-map sends every zero-sphere class to the value-origin class.	component form of the collapse
ASection.phi_collapse_proper	Concentricity/PhiConversion.lean:595	theorem	MAP-eval	domain-H1	proved	∃ n m v (v∈S⁶): the H1-classes of spheres n, m are DISTINCT while their Φ-π₀-images are EQUAL — the section functor's π₀-map is not injective.	'the collapse belongs to this functor, not to the codomain'; C4 (c4_infinite) supplies distinct zeros
ASection.compactifiedSphereMap	Concentricity/Recovery.lean:306	def	MAP-eval	sphereworld	def	For I : SphereWorld, the map sliceSphere I.val -> sliceSphere I.val, q |-> <A.realize q.val, realize_mem_sliceSphere> - the point-level section action carrying each slice sphere into itself.	Slice preservation at point level; docstring: deliberately NOT an invented endofunctor of SphereWorld; codomain the same sphere.
ASection.compactifiedSphereMap_val	Concentricity/Recovery.lean:310	theorem	MAP-eval	sphereworld	proved	@[simp] (A.compactifiedSphereMap I q).val = A.realize q.val.	Value equation of the per-sphere section action; simp lemma with frame meaning (evaluation channel).
ASection.continuous_F_circleLoop	Concentricity/SigmaE3.lean:322	theorem	MAP-eval	stem	proved	t ↦ A.F (circleLoop c ε t) is continuous when the circle avoids A.pole.	Bundles the value-loop; from c1_analyticAt.
ASection.realize	Concentricity/Slice.lean:340	def	MAP-eval	domain-H1	def	realize A : OnePoint Octonion → OnePoint Octonion: at finite q, φ_{dir q}(F(sliceCoord q)) when F analytic at the coordinate, else ∞; at ∞, the compactified valueAtInfinity mapped by z ↦ ofReal z.re.	master def:section-map + rmk:compactify (marked derivation node); the realization of A on O* = S8.
ASection.realize_coe	Concentricity/Slice.lean:352	theorem	MAP-eval	domain-H1	proved	realize at a finite point unfolded to the if-analytic-then-embed-else-∞ form (rfl).	Definitional unfolding.
ASection.phi_shared_ladder_glue	Concentricity/SynthesisE6.lean:275	theorem	MAP-eval	mixed	proved	At shared-ladder encounters (one value −r within ε of both sphereZero n and m), Φ = sectionFunctor A carries the octonionic realizations (sliceEmbed v z into H1) to Zigzag-connected objects of S2.	ROW D: stem ASection + H1 (domain-H1) + S2 quotient slice world (TwoWorlds.lean, not the locked SliceSphereWorld head); via phi_encounter_zigzag.
ASection.phi_encounter_read_not_unique	Concentricity/SynthesisE6.lean:326	theorem	MAP-eval	mixed	proved	Near ONE zero-sphere, two encounters at distinct values −r₁ ≠ −r₂ have Φ-images NOT Zigzag-connected in S2: the conserved modulus read r₁² ≠ r₂² separates them.	ROW E (E5 × Φ): Φ assigns no canonical S2-component to a single zero-sphere; via S2.zigzag_modulus, realize_coe; same register mix as ROW D.
sectionFunctor	Concentricity/TwoWorlds.lean:142	def	MAP-eval	domain-H1	def	sectionFunctor (A : ASection) : H1 ⥤ S2 — obj x ↦ S2.of (A.realize (back x)); map f ↦ directionHom f.val along realize_equivariant; functoriality by directionHom_one/mul.	Φ, master thm:section-functor, CLOSED (Phase 4 #9); the central section-functor object of the build
sectionFunctor_obj	Concentricity/TwoWorlds.lean:166	theorem	MAP-eval	domain-H1	proved	(sectionFunctor A).obj (H1.of x) = S2.of (A.realize x) — by rfl.	object pin of thm:section-functor: 'Φ(q) = A(q) on objects'
ASection.realize_sphereLoop	Concentricity/WeldW3.lean:458	theorem	MAP-eval	mixed	proved	A.realize (sphereLoop n v ε t : OnePoint Octonion) = sliceEmbed v (A.F (circleLoop (sphereZero n) ε t)) — the realized value loop rides the SAME companion v.	WELD (d): slice preservation of values, def:section-map(i); via realize_coe (Slice.lean) + C1 analyticity; ASection + OnePoint Octonion.
zetaC	Concentricity/ZetaCstar.lean:29	def	MAP-eval	carrier	def	zetaC : OnePoint ℂ → OnePoint ℂ — ζ_ℂ*: s ↦ ζ(s) for s ≠ 1, 1 ↦ ∞ (the simple pole), ∞ ↦ 1 — the compactified classical zeta on the Riemann sphere.	Master def:zeta-Cstar verbatim in docstring; the ζ instance of Fstar-style compactified evaluation on OnePoint ℂ endpoints.
zetaC_coe	Concentricity/ZetaCstar.lean:34	theorem	MAP-eval	carrier	proved	For s ≠ 1: zetaC (s : OnePoint ℂ) = (riemannZeta s : OnePoint ℂ) — the coordinate clause of def:zeta-Cstar.	ζ instance layer; finite-point agreement.
zetaO	Concentricity/ZetaOctonion.lean:53	def	MAP-eval	domain-H1	def	zetaO : OnePoint Octonion → OnePoint Octonion — ∞ ↦ 1; s = 1 ↦ ∞; else s ↦ sliceEmbed (dir s) (riemannZeta (sliceCoord s)) — master def:zeta_O, all four clauses.	The ζ member's section evaluation on 𝕆*; junk-robust dir/sliceCoord display per Octonion.exp convention.
zetaO_ofReal	Concentricity/ZetaOctonion.lean:198	theorem	MAP-eval	domain-H1	proved	For real σ ≠ 1: zetaO (ofReal σ) = ofReal ((riemannZeta σ).re) — def:zeta_O(ii) faithfulness: at real points the display collapses to the real classical value.	Evaluation clause on the real axis — the section's values over base-circle points; direction junk never consumed.
ASection.great_circle_lift_through_degenerate	Concentricity/FaithfulApply.lean:198	theorem	MAP-lift	stem	proved	Along a real path with negative values, for EVERY k: ∃ lift Γ with exp(Γ t)=F(x t), level =log‖F(x t)‖ continuous, height constant at (2k+1)π.	Author correction (1) as theorem: the lift passes THROUGH the degenerate set; Rem 2.1 binds direction only.
closed_lift_of_no_interior_flip	Concentricity/FlipWeld.lean:842	theorem	MAP-lift	stem	proved	Closed nonvanishing loop, finite obstruction set, no interior flips: ∃ γ' with exp∘γ' = γ and γ' 1 = γ' 0 — the lift exists AND closes.	Cor 5.13's no-flip instance end-to-end on the stem; closes via stemWinding_eq_zero_iff (SigmaE3).
lift_ladder	Concentricity/InboxWire.lean:73	theorem	MAP-lift	stem	proved	For nonvanishing γ with continuation γ₁ (exp∘γ₁ = γ): γ₂ is a continuation iff ∃ k : ℤ, γ₂ = γ₁ + k·2πi — the branch ladder is TOTAL.	[INBOX] GPV Prop 4.3 + Def 3.5 eq (3.1), stem form; forward via winding_lift_unique (Toolkit)
ASection.euler_branch_ladder	Concentricity/InboxWire.lean:113	theorem	MAP-lift	mixed	proved	For a half-space path z (Ω₀ < re): γ₂ is a continuation of A∘z iff ∃ k, γ₂ = Σ'ℓ_p(z t) + k·2πi — the branches of log A right of the wall ARE the Euler sum + 2πik.	ASection stem fields (F, ℓ, Ω₀) + stem paths; consumes ALL four C2 clauses; C2 = the k=0 branch (OBJ-presentation angle)
KeystoneAssembly.value_loop_lift_defect	Concentricity/KeystoneAssembly.lean:35	theorem	MAP-lift	stem	proved	For a closed γ avoiding pole and zeros of A.F: ∃ lift γ' of t ↦ A.F(γ t) with defect k·2πi for some k : ℤ.	Clause (a) of the placement sentence, consumed: exists_log_continuation + winding_loop_defect; σ/σᶜ closure clause NOT consumed (recorded gap).
KeystoneAssembly.value_loop_lift_unique	Concentricity/KeystoneAssembly.lean:52	theorem	MAP-lift	stem	proved	Two lifts of a nonvanishing v with equal initial values are equal (γ₁ = γ₂).	Clause (c): unique-tame lift wrapper over winding_lift_unique (Toolkit).
Octonion.exp_eq_neg_ofReal_iff	Concentricity/LogManifold.lean:243	theorem	MAP-lift	domain-H1	proved	For r > 0: exp q = ofReal(-r) iff q = sliceEmbed v <log r, (2k+1)pi> for some v in unitImaginarySphere and k : Z - the degenerate fibre formula pointwise.	lem:exp-degenerate in iff form, read off the proved exp_fibre_neg_real (Toolkit.lean).
Octonion.real_segment_lift_neg	Concentricity/LogManifold.lean:259	theorem	MAP-lift	domain-H1	proved	A value path inside R- has, for every direction v in S6 and every odd rung 2k+1, a continuous octonionic lift Gamma t = sliceEmbed v <log|x t|, (2k+1)pi> with exp o Gamma = x.	The lift THROUGH the degenerate set - where log r lives (author's correction (1)); GPV S5 prose U1(b).
Octonion.real_segment_lift_pos	Concentricity/LogManifold.lean:288	theorem	MAP-lift	domain-H1	proved	A value path inside R+ has, for every v in S6 and even rung 2k, a continuous lift Gamma t = sliceEmbed v <log|x t|, 2k pi> with exp o Gamma = x.	Even-rung lifts over positive reals; k = 0 is the real branch log o gamma (Rem 2.1 closing clause).
Octonion.Eexp	Concentricity/LogManifold.lean:351	def	MAP-lift	domain-H1	def	The E+-exponential Eexp q = (exp q, im q) : Octonion -> Octonion x Octonion (VS Prop 5.1 on the repo's type).	SOURCED docstring quotes VS Prop 5.1 verbatim; smooth (immersion/diffeo) structure recorded untranscribed.
Octonion.logManifold	Concentricity/LogManifold.lean:357	def	MAP-lift	domain-H1	def	The logarithm manifold E+_O := Set.range Eexp, a subset of Octonion x Octonion - the image of the exponential graph (master thm:log-manifold 'equivalently' clause).	The degenerate spheres of VS Rem 5.2(b) live inside it (logManifold_fibre_neg_real).
Octonion.Llog	Concentricity/LogManifold.lean:375	def	MAP-lift	domain-H1	def	The E+-logarithm Llog (q,p) := ofReal(log||q||) + p, stated on all of O x O; consumed on logManifold (VS's domain).	SOURCED: VS Def 5.3 verbatim in docstring ('L(q,p) := log|q| + p').
Octonion.Llog_Eexp	Concentricity/LogManifold.lean:384	theorem	MAP-lift	domain-H1	proved	L o E = id: Llog (Eexp q) = q (VS Prop 5.4 left-inverse identity).	The single-valuedness of the master's 'unwraps the multivalued logarithm'; from norm_exp.
Octonion.Eexp_injective	Concentricity/LogManifold.lean:392	theorem	MAP-lift	domain-H1	proved	Eexp is injective.	Transcribable face of Prop 5.1's 'immersion and a diffeomorphism'; from the left inverse.
Octonion.Eexp_Llog	Concentricity/LogManifold.lean:397	theorem	MAP-lift	domain-H1	proved	E o L = id on the manifold: for x in logManifold, Eexp (Llog x) = x (VS Prop 5.4 right-inverse identity).	Completes the mutually inverse pair (E, L).
Octonion.degenerate_sphere_mem	Concentricity/LogManifold.lean:428	theorem	MAP-lift	domain-H1	proved	(ofReal(-r), ((2k+1)pi) . v) is in logManifold for every r > 0, v in unitImaginarySphere, k : Z - every direction and odd rung realized over a degenerate value.	The S6 of directions available at a passage (VS Rem 5.2(b)).
Octonion.logManifold_fibre_neg_real	Concentricity/LogManifold.lean:446	theorem	MAP-lift	domain-H1	proved	The pi-fibre over -r inside E+_O equals exactly {(ofReal(-r), (2k+1)pi . v) : v in S6, k : Z} - the degenerate locus inside the manifold, as a set equality.	lem:exp-degenerate lifted through the graph; from exp_fibre_neg_real (Toolkit.lean).
winding_loop_closed	Concentricity/LoopAssembly.lean:92	theorem	MAP-lift	stem	proved	If one lift γ₀ of nonvanishing γ closes (γ₀1 = γ₀0), every lift closes.	Force of Cor 5.13's closure clause ('If it exists, the lift is a loop'), stem form; verbatim quote in docstring.
exp_eq_neg_real_iff	Concentricity/LoopAssembly.lean:126	theorem	MAP-lift	stem	proved	For r > 0: exp w = −r ↔ ∃ k : ℤ, w = log r + (2k+1)πi.	master lem:exp-degenerate stem fibre formula, iff form; slice coordinate of Octonion.exp_fibre_neg_real (Toolkit).
ASection.normalizedZero_pole_power_closes	Concentricity/NormalizedPoleBridge.lean:48	theorem	MAP-lift	stem	proved	∃ radii: for small ε₁ ε₂ there are Γz, Γp and Γ' with exp∘Γ' = Γz·Γp^mult and Γ' 1 = Γ' 0 — every enumerated zero has a CLOSED lift through the compactified witness.	I : SphereWorld is a phantom parameter; pure stem cargo for the future arrow Z_n ⟶ N (per header, not yet categorical).
stemWinding	Concentricity/SigmaE3.lean:79	def	MAP-lift	stem	def	stemWinding (γ : C(unitInterval, ℂ)) : ℤ — the unique k with lift defect γ'1−γ'0 = k·2πi for a chosen log-continuation, if γ is nonvanishing and closed; junk value 0 otherwise.	The ω of GPVwind Cor 5.21 on the stem; rides winding_loop_defect + exists_log_continuation (Toolkit). Junk-robust total convention.
ASection.no_closed_lift_around_sphereZero	Concentricity/SigmaE3.lean:983	theorem	MAP-lift	stem	proved	∃ ε₀ > 0 (< im ρ): for 0 < ε ≤ ε₀ the value-loop about sphereZero n admits NO closed lift (¬∃ γ' with exp∘γ' = Γ and γ'1 = γ'0).	Cor 5.13 contrapositive on the stem: winding = fiber tally > 0 obstructs closure; the obstruction reading.
Octonion.exp	Concentricity/Toolkit.lean:47	def	MAP-lift	domain-H1	def	The slice exponential exp q := sliceEmbed (dir q) (Complex.exp (sliceCoord q)) - master thm:slice-exp rendered through the slice display; junk-robust at real q (dir q = 0 collapses to ofReal).	SOURCED docstring quotes thm:slice-exp verbatim; power-series clause is the characterization, recorded not transcribed.
Octonion.exp_fibre_neg_real	Concentricity/Toolkit.lean:150	theorem	MAP-lift	domain-H1	proved	For r > 0: {q | exp q = ofReal(-r)} = {q | exists v in S6, k : Z, q = sliceEmbed v <log r, (2k+1)pi>} - the degenerate fibre as a set equality (master lem:exp-degenerate).	PROVED from the slice form (master's load-bearing derivation sentence, verbatim in docstring); VS p.972 prints it unproved.
exists_log_continuation	Concentricity/Toolkit.lean:274	theorem	MAP-lift	stem	proved	Every nonvanishing gamma : C(unitInterval, C) has a continuous log-continuation gamma' with Complex.exp (gamma' t) = gamma t for all t.	master thm:winding-lift slice form; floor Complex.isCoveringMap_exp + path lifting.
winding_lift_unique	Concentricity/Toolkit.lean:301	theorem	MAP-lift	stem	proved	Two continuations gamma1, gamma2 of the same nonvanishing gamma with gamma1 0 = gamma2 0 are equal - lift uniqueness once the initial value is fixed.	prop:winding-signature(i) tameness, stem form: on a slice the companion is the slice itself; uniqueness over the covering floor.
Octonion.exp_kernel_unit_imaginary	Concentricity/WeldW3.lean:391	theorem	MAP-lift	domain-H1	proved	exp q = ofReal (-1) ↔ ∃ v ∈ S⁶, ∃ k : ℤ, q = ((2k+1)π) • v — the fibre over −1 is EXACTLY the concentric spheres (2k+1)π·S⁶ about 0 in im 𝕆.	VS Rem 5.2(b) degenerate set (verbatim in docstring); level log 1 = 0; from exp_fibre_neg_real at r = 1.
exists_log_of_entire_nonvanishing	Concentricity/ZetaInfinitude.lean:251	theorem	MAP-lift	generic	proved	An entire nowhere-vanishing h : ℂ → ℂ has an entire logarithm: ∃ g differentiable with h z = exp(g z) for all z.	A4; global exp-lift existence over ℂ (primitive of h'/h). Generic — reusable by any lift-needing consumer.
ASection.normalizedFootpoint	Concentricity/NormalizedBase.lean:22	def	MAP-normalization	old-total	def	ℝ → NormalizedCircleBase: the real-circle footpoint at a finite label, BaseC.lvl c.	Lands in BaseC.
ASection.normalizedZero_footpoint	Concentricity/NormalizedBase.lean:54	theorem	MAP-normalization	mixed	proved	(normalizedZero n I).footpoint = normalizedFootpoint ((sphereZero n).re).	simp rfl; footpoint rides BaseC.
ASection.GpvPopulated.forget	Concentricity/IntegrateTheorem.lean:343	def	MAP-projection	old-total	def	Forgetting the GPV cargo returns a frozen Populated: fun n => (hA n).witness.	The update is conservative — the enriched object sits over the frozen one.
Octonion.pr2_Eexp	Concentricity/LogManifold.lean:368	theorem	MAP-projection	domain-H1	proved	(Eexp q).2 = im q - the second factor of E is the argument datum Arg(q) (VS Def 5.3).	Definitional companion to pr1_Eexp.
Octonion.re	Concentricity/Octonion.lean:105	def	MAP-projection	domain-H1	def	re x = x.1.re — the real part of an octonion (real coefficient of the R^8 decomposition).	the real-centre coordinate at the O level
Octonion.re_ofReal	Concentricity/Octonion.lean:107	theorem	MAP-projection	domain-H1	proved	re (ofReal r) = r.	real-axis coordinates are faithful (section property of the embedding)
Octonion.innerO_one	Concentricity/OctonionForm.lean:39	theorem	MAP-projection	domain-H1	proved	innerO x 1 = re x — the form sees the real part.	links the form to the real-centre coordinate
H1.coordRead	Concentricity/PhiConversion.lean:63	def	MAP-projection	domain-H1	def	coordRead : OnePoint Octonion → OnePoint ℂ := OnePoint.map Octonion.sliceCoord — the slice-coordinate read on 𝓗₁'s objects, ∞ ↦ ∞.	the datum lem:residue-spheres shows constant on each orbit component
H1.coordRead_coe	Concentricity/PhiConversion.lean:66	theorem	MAP-projection	domain-H1	proved	coordRead (x : OnePoint Octonion) = (sliceCoord x : OnePoint ℂ) for finite x — by rfl.	unfold pin
H1.coordFunctor	Concentricity/PhiConversion.lean:84	def	MAP-projection	domain-H1	def	coordFunctor : H1 ⥤ Discrete (OnePoint ℂ) — the coordinate read packaged as a functor to the discrete category via eqToHom on morphisms.	the invariant of lem:residue-spheres' component structure; Discrete homs subsingletons
ASection.gpvForget	Concentricity/Recovery.lean:296	def	MAP-projection	old-base	def	Functor GpvBase A => A.Base: identity on points; each arrow's chosen GpvTransport representative forgets to its Realizes witness via toRealizes.	Compatibility bridge for replacing the old base only after W1-W4 is connected; target is old-base A.Base.
Octonion.im	Concentricity/Slice.lean:48	def	MAP-projection	domain-H1	def	im x := x - ofReal (re x) — the imaginary part of an octonion (master decomposition s = σ + w).	Master §Octonions and slices; DERIVED register (R10).
Octonion.sliceCoord	Concentricity/Slice.lean:62	def	MAP-projection	domain-H1	def	sliceCoord x := ⟨re x, norm (im x)⟩ : C — the upper-half-plane slice coordinate σ + iγ of q = σ + γI(q).	The octonion-to-stem coordinate projection.
ASection.readout	Concentricity/AFunctor.lean:149	def	MAP-readout	old-total	def	ConnectedComponents A.TotalA ≃ colimit ((functorA ⋙ forgetToCat) ⋙ pi0Functor) — π₀(T_A) ≅ colim(π₀∘A), via (pi0_grothendieck functorA).some.	pi0_grothendieck certified in Theorem.lean:144 (master lem:pi0-grothendieck, Riehl 8.3.5); on the contaminated chain list.
TotalObject.level	Concentricity/Base.lean:72	def	MAP-readout	old-total	def	TotalObject → ℝ: the level read-off — the Discrete ℝ component of the Grothendieck base.	
TotalObject.levelClass	Concentricity/Base.lean:103	def	MAP-readout	old-total	def	ConnectedComponents TotalObject ≃ ℝ: forward the descended level read-off, inverse the class of ofLevel.	Cocartesian register only per docstring; π₀(𝒯) = the levels on the static object.
totalObject_components_eq_levels	Concentricity/Base.lean:132	theorem	MAP-readout	old-total	proved	Nonempty (ConnectedComponents TotalObject ≃ ℝ) — the π₀ readout specialized to the band diagram.	Closed by levelClass.
ASection.shared_level_at_scale	Concentricity/ConcentricityReadout.lean:123	theorem	MAP-readout	stem	proved	∀ε>0 ∃r<ε: both sphereZero n,m have ε-close encounters at value -r, and all exp-preimages of -r share one real part — one level log r per fibre value.	Step 3's value-register core: shared_ladder_encounters read through exp_fibre_level. Portable.
ASection.zero_levels_common	Concentricity/ConcentricityReadout.lean:243	theorem	MAP-readout	stem	sorried	(sphereZero n).re = (sphereZero m).re — the pairwise zero-sphere face (P9 = QED, author's one-statement ruling).	sorry at line 262 after feeding P4-P7 (value_const_on_component, c4_infinite, gpvZigzag, nClass rows, totalA_pi0_singleton). STEP 4.
ASection.concentricity	Concentricity/ConcentricityReadout.lean:269	theorem	MAP-readout	stem	proved	∃ c : ℝ, ∀ n : ℕ, (sphereZero n).re = c — THE CONCENTRICITY THEOREM (master thm:concentricity): one real centre for all residue-C zero-spheres.	Body sorry-free (c := (sphereZero 0).re via zero_levels_common) but rides the two sorried rows above — conditional, not closed.
ASection.nontrivial_one_centre	Concentricity/Corollaries.lean:32	theorem	MAP-readout	stem	proved	∃ c : ℝ, ∀ n, (A.sphereZero n).re = c — cor:nontrivial's single-real-centre clause at stem level for any A-section.	GATED: is exactly A.concentricity (ConcentricityReadout.lean:269, sorried chain at 208/262); statement base-agnostic.
zeta_riemannHypothesis	Concentricity/Corollaries.lean:46	theorem	MAP-readout	zeta	proved	RiemannHypothesis — cor:rh: zetaSection.concentricity read through riemannHypothesis_iff_concentric and zetaSphereZero_surjective; ½ via the functional equation (RhEquiv.lean).	GATED through the sorried concentricity + zetaC3_package per docstring; RH appears exactly once, here.
zeta_criticalLine_zeros_infinite	Concentricity/Corollaries.lean:57	theorem	MAP-readout	zeta	proved	{s | riemannZeta s = 0 ∧ s.re = 1/2}.Infinite — infinitely many zeros on the critical line.	GATED (inherits zeta_riemannHypothesis's leaves); rides riemannZeta_nontrivialZeros_infinite.
ASection.euler_branch_level	Concentricity/InboxWire.lean:146	theorem	MAP-readout	mixed	proved	Any continuation γ₂ of A∘z over the half-space has (γ₂ t).re = (Σ'ℓ_p(z t)).re AND = log‖A.F(z t)‖ — the level is branch-independent.	the two names of the ONE level: C2's Euler real part = VS Def 5.3's log-modulus tape; ladder shift purely imaginary
s2_component_exp_eq_iff	Concentricity/InboxWire.lean:508	theorem	MAP-readout	domain-H1	proved	mk (S2.of (Octonion.exp p)) = mk (S2.of (Octonion.exp q)) ↔ re p = re q — two exponential values share one 𝒮₂-component exactly when their arguments share one level.	π₀(𝒮₂) ∘ exp = the level: Riehl 8.3.5 register + thm:slice-exp modulus clause are ONE map
ASection.s2_value_class_halfSpace	Concentricity/InboxWire.lean:553	theorem	MAP-readout	mixed	proved	For x with Ω₀ < re (sliceCoord x): mk (S2.of (A.realize x)) = mk (S2.of (ofReal (exp (re Σ'ℓ_p(coord x))))) — the value's component is the exponential of C2's Euler level.	octonionic register + C2 stem; consumes c2_euler, pole_le_upperEdge, real_on_real; band representative of the Euler level
ASection.gpv_zigzag_readout	Concentricity/IntegrateTheorem.lean:402	theorem	MAP-readout	mixed	proved	Conjunction: (1) transportClass n = m; (2) ∀ε shared value -r at both spheres with all exp-preimages of -r sharing one re; (3) cone threshold L0 with every higher level attained on both sides of pole.	The junction readout, both ends in the VALUE register; old-total class + stem tapes.
ASection.not_concentric_iff_spread	Concentricity/IntegrateTheorem.lean:423	theorem	MAP-readout	stem	proved	¬(∃c, ∀n, (sphereZero n).re = c) ↔ A.infLevel < A.supLevel — the negated target as positive level spread.	KernelE4's minimal-node dictionary in ¬-form; Mode B's entry.
ASection.levelSet	Concentricity/KernelE4.lean:107	def	MAP-readout	stem	def	levelSet A := Set.range (fun n : ℕ => (A.sphereZero n).re) — the real parts of the enumerated residue-ℂ zero-sphere representatives.	The divisor's levels; lem:exp-degenerate vocabulary.
ASection.levelSet_nonempty	Concentricity/KernelE4.lean:110	theorem	MAP-readout	stem	proved	A.levelSet.Nonempty (witness index 0).	Trivial supplier for sSup/sInf well-definedness.
ASection.levelSet_bddAbove	Concentricity/KernelE4.lean:115	theorem	MAP-readout	stem	proved	BddAbove A.levelSet, bounded by A.Ω₀ (re_le_upperEdge).	C2's half-space edge read at the divisor.
ASection.levelSet_bddBelow	Concentricity/KernelE4.lean:121	theorem	MAP-readout	stem	proved	BddBelow A.levelSet, bounded by the L4 lower edge βlo (c3_lowerEdge).	The strip's lower edge.
ASection.supLevel	Concentricity/KernelE4.lean:129	def	MAP-readout	stem	def	supLevel A := sSup A.levelSet — the top level, the section's own upper candidate mirror line.	Divisor-intrinsic candidate β.
ASection.infLevel	Concentricity/KernelE4.lean:133	def	MAP-readout	stem	def	infLevel A := sInf A.levelSet — the bottom level, the lower candidate mirror line.	Mirror of supLevel.
ASection.le_supLevel	Concentricity/KernelE4.lean:135	theorem	MAP-readout	stem	proved	(A.sphereZero n).re ≤ A.supLevel for every n.	le_csSup instance.
ASection.infLevel_le	Concentricity/KernelE4.lean:139	theorem	MAP-readout	stem	proved	A.infLevel ≤ (A.sphereZero n).re for every n.	csInf_le instance.
ASection.infLevel_le_supLevel	Concentricity/KernelE4.lean:143	theorem	MAP-readout	stem	proved	A.infLevel ≤ A.supLevel.	Via index 0.
ASection.supLevel_le_upperEdge	Concentricity/KernelE4.lean:149	theorem	MAP-readout	stem	proved	A.supLevel ≤ A.Ω₀: the top level sits at or left of C2's half-space edge.	With auditE1_upper_edge_strict, strictly left of D3's β = Ω₀ + 1.
ASection.supLevel_eq_of_concentric	Concentricity/KernelE4.lean:156	theorem	MAP-readout	stem	proved	If ∀ n, (A.sphereZero n).re = c then A.supLevel = c: under the target the top level IS the centre.	Helper for the §2 iff rows.
ASection.infLevel_eq_of_concentric	Concentricity/KernelE4.lean:164	theorem	MAP-readout	stem	proved	If ∀ n, (A.sphereZero n).re = c then A.infLevel = c.	Mirror helper.
ASection.concentricity_iff_supLevel_le	Concentricity/KernelE4.lean:272	theorem	MAP-readout	stem	proved	(∃ c, ∀ n, (sphereZero n).re = c) ↔ ∀ k, A.supLevel ≤ (A.sphereZero k).re: the target ⟺ no zero strictly below the top level.	THE minimal node in divisor coordinates; kernel-free both sides.
ASection.concentricity_iff_le_infLevel	Concentricity/KernelE4.lean:283	theorem	MAP-readout	stem	proved	(∃ c, ∀ n, (sphereZero n).re = c) ↔ ∀ k, (A.sphereZero k).re ≤ A.infLevel: the mirror minimal node.	No zero strictly above the bottom level.
ASection.concentricity_iff_infLevel_eq_supLevel	Concentricity/KernelE4.lean:294	theorem	MAP-readout	stem	proved	(∃ c, ∀ n, (sphereZero n).re = c) ↔ A.infLevel = A.supLevel: the target as one real equation — the level spread vanishes.	Node as vanishing spread.
ASection.concentricity_iff_exists_two_sided_level	Concentricity/KernelE4.lean:311	theorem	MAP-readout	stem	proved	(∃ c, ∀ n, (sphereZero n).re = c) ↔ ∃ β, A.supLevel ≤ β ∧ β ≤ A.infLevel: the target ⟺ the two proved one-sided regions meet.	'One β serves both sides' rendered as a proved order sentence.
KeystoneAssembly.lift_level_at_degenerate	Concentricity/KeystoneAssembly.lean:61	theorem	MAP-readout	stem	proved	For r > 0: exp w = −r ⇒ w.re = log r.	Clause (b), stem form of lem:exp-degenerate; duplicate of LoopAssembly.exp_fibre_level (proved inline here).
ASection.coneInvariant	Concentricity/KeystoneFinality.lean:45	def	MAP-readout	stem	def	coneInvariant A n = ‖sphereZero n‖² · re(1/sphereZero n) — the datum the cone at N carries for the n-th zero-sphere.	(S2): second-order coefficient of approach (1/ρ → 0 as ρ → N); only differences/equalities used, no absolute level named.
ASection.transportLevel_eq_coneInvariant	Concentricity/KeystoneFinality.lean:50	theorem	MAP-readout	stem	proved	A.transportLevel n = A.coneInvariant n.	(S2) rendered: transportLevel = (sphereZero n).re read as the cone invariant via inv_re_bridge (StemFactorization).
ASection.transportLevel_const_via_finality	Concentricity/KeystoneFinality.lean:81	theorem	MAP-readout	stem	sorried	A.transportLevel n = A.transportLevel m for all n, m — both levels are the level-limit carried into the unique finality cone at N.	The keystone via the finality cone; FEED-CHECK RECEIPT R6 at line 122: all 21 A-section fields fed, no fed statement relates indices (n,m). Finality route = dropped per brief.
Octonion.continuousOn_log_norm	Concentricity/LogManifold.lean:153	theorem	MAP-readout	domain-H1	proved	log||q|| is ContinuousOn {q : Octonion | q /= 0}: the level function is continuous at every nonzero octonion, degenerate negative-real values included.	Author's correction (1) as a theorem; direction field (GPVwind Rem 2.1) never enters.
Octonion.level_tape_continuous	Concentricity/LogManifold.lean:162	theorem	MAP-readout	domain-H1	proved	For gamma : C(unitInterval, Octonion) nonvanishing, t |-> log||gamma t|| is continuous - the level tape moves continuously through every degenerate passage.	Path form of continuousOn_log_norm; load-bearing in continuation_of_isLift.
Octonion.level_eq_log_norm_exp	Concentricity/LogManifold.lean:176	theorem	MAP-readout	domain-H1	proved	re q = log||exp q||: the level of any point is the log-modulus of its exponential value - the register conversion LEVEL = log||VALUE||.	VS Def 5.3 + thm:slice-exp; octonionic twin of proved stem row sweepE5_level_readout; one line from norm_exp.
Octonion.lift_level_tape	Concentricity/LogManifold.lean:189	theorem	MAP-readout	domain-H1	proved	If exp(Gamma t) = gamma t for all t then re(Gamma t) = log||gamma t|| at every instant - any log-continuation's level is the log-modulus of the value under it.	Comb row U1(a); GPV S5 prose quote in docstring flagged as not yet a SOURCES pin; twin of sweepE5_lift_level_tape.
Octonion.lift_level_continuous	Concentricity/LogManifold.lean:201	theorem	MAP-readout	domain-H1	proved	For a BARE function Gamma' with exp(Gamma' t) = gamma t pointwise, t |-> re(Gamma' t) is continuous - no continuity of the lift assumed; the level rides the value.	Sharpest form of correction (1): direction/height may jump at every passage, level cannot.
Octonion.lift_level_unique	Concentricity/LogManifold.lean:216	theorem	MAP-readout	domain-H1	proved	Any two pointwise lift data Gamma1, Gamma2 over the one value path gamma have equal levels re(Gamma1 t) = re(Gamma2 t) at every instant.	Level datum is lift-independent; sphere/band freedom (I in S6, rung k) moves directions/heights only.
Octonion.re_Llog_of_mem	Concentricity/LogManifold.lean:418	theorem	MAP-readout	domain-H1	proved	On the manifold, re (Llog x) = log||x.1|| - the level component of L is the log-modulus of the value: re o L = log||pi(.)||.	The register conversion the whole file rides; E+ form of level_eq_log_norm_exp.
Octonion.degenerate_level_readout	Concentricity/LogManifold.lean:466	theorem	MAP-readout	domain-H1	proved	Every manifold point x with x.1 = ofReal(-r) has L-level exactly log r: re (Llog x) = log r.	'The fibre is thus indexed by the single real level log r' (master lem:exp-degenerate, verbatim in docstring).
Octonion.degenerate_passage	Concentricity/LogManifold.lean:617	theorem	MAP-readout	domain-H1	proved	A nonvanishing value path with gamma t0 = ofReal(-r) carries: full S6 x Z of E+ lift data over its value, all at the one level log r; a continuous level tape; tape reading log r at t0.	The passage bundle (mission row (b)); the passage is where log r lives.
Octonion.IsLoopLift.level_tape	Concentricity/LogManifold.lean:737	theorem	MAP-readout	domain-H1	proved	re (Llog (Gamma y)) = log||gamma (Circle.exp y)|| - at every cover instant the loop lift's L-level is the log-modulus of the loop value under it.	VS Def 5.3's level component along Def 5.11's square.
Octonion.IsLoopLift.level_continuous	Concentricity/LogManifold.lean:758	theorem	MAP-readout	domain-H1	proved	For nonvanishing gamma, y |-> re (Llog (Gamma y)) is continuous on R - across every degenerate passage of the loop's values.	Author's correction (1) on the cover.
winding_loop_defect_level_zero	Concentricity/LoopAssembly.lean:107	theorem	MAP-readout	stem	proved	Along any closed value-loop, any log-continuation has re(γ' 1) = re(γ' 0) — the endpoint LEVEL closes unconditionally.	Defect is 2πiℤ = pure height datum: 'all multiplicity in the winding direction, none in the level' (master placement paragraph).
exp_fibre_level	Concentricity/LoopAssembly.lean:161	theorem	MAP-readout	stem	proved	For r > 0: exp w = −r ⇒ w.re = log r — every fibre point over −r carries the one level log r.	The level clause of lem:exp-degenerate: 'fibre indexed by the single real level log r'.
ASection.normalizedZero_label	Concentricity/NormalizedBase.lean:51	theorem	MAP-readout	mixed	proved	(normalizedZero n I).label = (sphereZero n).re.	simp rfl; the label channel.
ASection.normalizedZeroLift_re	Concentricity/NormalizedBase.lean:92	theorem	MAP-readout	mixed	proved	re (normalizedZeroLift n I) = (sphereZero n).re — normalization retains the real label in every world.	Via re_sliceEmbed.
ASection.NormalizedZeroCone	Concentricity/NormalizedCone.lean:25	structure	MAP-readout	generic	def	Over any Category C: zeroObj : ℕ → C, N : C, realLabel : C → ℝ, zero_label (realLabel (zeroObj n) = (sphereZero n).re), toN : zeroObj n ⟶ N, label_transport (any arrow preserves realLabel).	Conditional skeleton: the exact data C1–C4/W1–W4 must supply; header states it does NOT assert existence.
ASection.NormalizedZeroCone.zero_levels_common	Concentricity/NormalizedCone.lean:36	theorem	MAP-readout	generic	proved	Given K : NormalizedZeroCone A C: (sphereZero n).re = (sphereZero m).re — via labels transported along toN; no direct zero-to-zero arrow used.	The common-witness colimit argument in kernel form.
ASection.concentricity_of_normalized_zero_cone	Concentricity/NormalizedCone.lean:49	theorem	MAP-readout	generic	proved	Given K : NormalizedZeroCone A C: ∃ c : ℝ, ∀ n, (sphereZero n).re = c.	Intentionally conditional; constructing K is the remaining analytic/functorial work per docstring.
ASection.normalizedNLeg_source_label	Concentricity/NormalizedNLeg.lean:42	theorem	MAP-readout	mixed	proved	(NormalizedNLeg.source A n I).label = (A.sphereZero n).re, by rfl (@[simp]).	Label readout of the leg's source = re-level of the enumerated zero; world-independent by construction.
SliceWorld.modulus	Concentricity/PhiConversion.lean:151	def	MAP-readout	domain-H1	def	modulus : SliceWorld → OnePoint ℝ := OnePoint.map Octonion.normSq — the modulus read on 𝒮₂'s objects, ∞ ↦ ∞.	the datum the band phases fix (def:two-worlds modulus clause)
SliceWorld.modulus_coe	Concentricity/PhiConversion.lean:154	theorem	MAP-readout	domain-H1	proved	modulus (x : OnePoint Octonion) = (normSq x : OnePoint ℝ) for finite x — by rfl.	unfold pin
SliceWorld.modulus_infty	Concentricity/PhiConversion.lean:158	theorem	MAP-readout	domain-H1	proved	modulus ∞ = ∞ — by rfl.	the N behavior of the modulus read
SliceWorld.modulusHom	Concentricity/PhiConversion.lean:185	def	MAP-readout	domain-H1	def	modulusHom : SliceWorld ⥤q Discrete (OnePoint ℝ) — the modulus as a prefunctor from the generator quiver into the discrete category.	eqToHom on generators via modulus_gen
S2.modulusFunctor	Concentricity/PhiConversion.lean:197	def	MAP-readout	domain-H1	def	modulusFunctor : S2 ⥤ Discrete (OnePoint ℝ) — modulusHom lifted through Paths.lift and descended along Quotient.lift (relations respected: discrete homs subsingletons).	the invariant functor computing π₀(𝒮₂)'s forward direction
S2.zigzag_iff_modulus	Concentricity/PhiConversion.lean:294	theorem	MAP-readout	domain-H1	proved	Zigzag (S2.of w) (S2.of w') ↔ SliceWorld.modulus w = modulus w' — π₀(𝒮₂) COMPUTED: the component relation is exactly equality of the modulus read.	both directions; 'the slice world's components carry the modulus and NOTHING finer'
S2.moduliRead	Concentricity/PhiConversion.lean:315	def	MAP-readout	domain-H1	def	moduliRead : OnePoint Octonion → OnePoint NNReal := OnePoint.map (NNReal.mk (normSq x) …) — the modulus read valued in the compactified nonnegative reals.	the exact component set of 𝒮₂
S2.moduliRead_coe	Concentricity/PhiConversion.lean:318	theorem	MAP-readout	domain-H1	proved	moduliRead (x : OnePoint Octonion) = (NNReal.mk (normSq x) _ : OnePoint NNReal) for finite x — by rfl.	unfold pin
S2.moduliRead_infty	Concentricity/PhiConversion.lean:323	theorem	MAP-readout	domain-H1	proved	moduliRead ∞ = ∞ — by rfl.	N behavior of the compactified-modulus read
S2.moduliRead_eq_of_modulus_eq	Concentricity/PhiConversion.lean:328	theorem	MAP-readout	domain-H1	proved	SliceWorld.modulus w = modulus w' → moduliRead w = moduliRead w' — the compactified read is determined by the modulus read.	helper for componentsEquiv's toFun descent
S2.componentOfModulus	Concentricity/PhiConversion.lean:350	def	MAP-readout	domain-H1	def	componentOfModulus : OnePoint NNReal → ConnectedComponents S2 — ∞ ↦ class of S2.of ∞; s ↦ class of the real representative ofReal (√s).	the inverse of the π₀(𝒮₂) equivalence
S2.componentOfModulus_moduliRead	Concentricity/PhiConversion.lean:359	theorem	MAP-readout	domain-H1	proved	componentOfModulus (moduliRead w) = ConnectedComponents.mk (S2.of w) — round trip on the object side, by the band rotation.	left round trip of componentsEquiv
S2.moduliRead_ofReal_sqrt	Concentricity/PhiConversion.lean:372	theorem	MAP-readout	domain-H1	proved	moduliRead (ofReal (√s)) = (s : OnePoint NNReal) — round trip on the modulus side.	right round trip of componentsEquiv
S2.componentsEquiv	Concentricity/PhiConversion.lean:384	def	MAP-readout	domain-H1	def	ConnectedComponents S2 ≃ OnePoint NNReal — π₀(𝒮₂), the named equivalence: forward the modulus read (zigzag-invariant), inverse the real representative √r.	π₀(𝒮₂) ≃ [0,∞) ∪ {∞}; value-side analogue of the level read-off; consumed by InboxWire §E
S2.componentsEquiv_mk	Concentricity/PhiConversion.lean:395	theorem	MAP-readout	domain-H1	proved	componentsEquiv (ConnectedComponents.mk (S2.of w)) = moduliRead w — by rfl.	definitional unfold at a canonical class
ASection.phi_image_modulus	Concentricity/PhiConversion.lean:542	theorem	MAP-readout	domain-H1	proved	S2.componentsEquiv (Φ's π₀-image of the n-th zero-sphere class) = (0 : NNReal) — the π₀(𝒮₂)-read of every zero-sphere's Φ-image is the modulus 0.	composition (α), the VALUE read: same 0 at every sphere, carries NO level datum
ASection.sphere_domain_modulus	Concentricity/PhiConversion.lean:561	theorem	MAP-readout	domain-H1	proved	SliceWorld.modulus (sliceEmbed v (A.sphereZero n)) = ‖A.sphereZero n‖² — the domain read of a sphere point as an object of 𝒮₂ itself.	composition (β): conserved quantity is ‖ρₙ‖² = σₙ²+γₙ² (inv_re_bridge var), NOT the level σₙ
concentric_of_RH	Concentricity/RhEquiv.lean:57	theorem	MAP-readout	zeta	proved	Under RiemannHypothesis: every upper-half zero parameter σ (with γ > 0, ζ⟨σ,γ⟩ = 0) equals 1/2 — (a)⇒(b) with the centre exhibited.	The centre of B6's zeroSphere σ γ is the real point σ; RH pins it to ½.
upperZero_re_eq_half_of_concentric	Concentricity/RhEquiv.lean:100	theorem	MAP-readout	zeta	proved	If all upper-half zero parameters share one centre c, then each σ = 1/2 — concentricity forces σ = c = 1−σ via the FE transfer folded by conjugation.	The rigidity row, (b)⇒(a) on non-real zeros; rmk:half-downstream — ½'s ONLY entry point.
riemannHypothesis_iff_concentric	Concentricity/RhEquiv.lean:135	theorem	MAP-readout	zeta	proved	RiemannHypothesis ↔ ∃ c : ℝ, ∀ σ γ, 0 < γ → ζ⟨σ,γ⟩ = 0 → σ = c — thm:rh-equiv, the full equivalence: RH iff the zero 6-spheres share a single common centre.	Island B7 COMPLETE; cor:rh's engine — concentricity readout at the sphere parameters, ½ carried by both directions.
sweepE5_level_readout	Concentricity/SweepE5.lean:89	theorem	MAP-readout	stem	proved	Real.log ‖Complex.exp w‖ = w.re: the level coordinate of any logarithm reads log-modulus of the value — VS Def 5.3's level component, total, slice form.	DERIVED (R10); the value-modulus → level register conversion lem:exp-degenerate instantiates at −r.
sweepE5_lift_level_tape	Concentricity/SweepE5.lean:100	theorem	MAP-readout	stem	proved	For a lift γ′ with exp(γ′ t) = γ t everywhere: (γ′ t).re = Real.log ‖γ t‖ at every instant — the tame lift's level tape is a function of the value path alone.	C(unitInterval, ℂ) paths; the domain point whose value it is never enters.
ASection.sweepE5_encounter_levels_unbounded_below	Concentricity/SweepE5.lean:121	theorem	MAP-readout	stem	proved	∀ ε > 0, ∀ M, ∃ r > 0 with log r < M and ∃ z within ε of A.sphereZero n with A.F z = −r: encounter levels at one zero-sphere are unbounded below.	Fed by neg_reals_swept_near_sphereZero (LoopAssembly, open mapping); value-side levels run to −∞.
ASection.sweepE5_encounter_level_not_unique	Concentricity/SweepE5.lean:154	theorem	MAP-readout	stem	proved	∀ ε > 0, ∃ r₁ ≠ r₂ (both > 0) with encounters z within ε of A.sphereZero n realizing F z = −r₁ and F z = −r₂: no canonical value-side level at one zero-sphere.	The Draft-I failure mode as a theorem; two distinct base levels log r₁ ≠ log r₂ at one sphere.
ASection.exists_zero_level_above	Concentricity/SynthesisE6.lean:130	theorem	MAP-readout	stem	proved	(A.sphereZero k).re < A.supLevel implies ∃ m, (A.sphereZero k).re < (A.sphereZero m).re: a zero strictly below the top level admits one strictly above it.	ROW A; exists_lt_of_lt_csSup on E4's levelSet; the pair supplier for the negation.
ASection.transportLevel	Concentricity/Theorem.lean:171	def	MAP-readout	stem	def	transportLevel (A : ASection) (n : ℕ) : ℝ := (A.sphereZero n).re — the level of the fibre point over the n-th residue-ℂ zero-sphere.	RE-BADGED 2026-07-05: docstring still speaks the superseded STATIC-readout vocabulary; the def itself consumes only C3's enumeration
Octonion.norm_exp	Concentricity/Toolkit.lean:88	theorem	MAP-readout	domain-H1	proved	||exp q|| = Real.exp (re q) - the modulus of the slice exponential depends only on the real part (thm:slice-exp modulus clause, verbatim in docstring).	Backbone of the entire level register: LogManifold's level_eq_log_norm_exp / Llog_Eexp ride it.
TotalTransport.transport_not_level_separating	Concentricity/TransportObject.lean:133	theorem	MAP-readout	old-total	proved	HONESTY PIN 2: all finite-level classes coincide — 𝒯^𝔫 separates NO levels; no centre readout exists from this object.	Load-bearing pin; centre readout deferred to π₀ on A.Base per docstring.
ASection.transportClass	Concentricity/TransportObject.lean:173	def	MAP-readout	old-total	def	ConnectedComponents TotalTransport: the class of ofBase (lvl (transportLevel n)) — where the n-th zero-sphere arrives.	
Octonion.exp_fibre_re	Concentricity/WeldW3.lean:364	theorem	MAP-readout	domain-H1	proved	exp q = ofReal (-r) with 0 < r ⇒ re q = log r — every octonionic point of the degenerate fibre over −r carries the ONE real part log r.	WELD (c): lem:exp-degenerate on 𝕆; from proved Octonion.exp_fibre_neg_real (Toolkit.lean).
ASection.sphereLoop_touches_degenerate	Concentricity/WeldW3.lean:576	theorem	MAP-readout	mixed	proved	∃ ε₀: for ε ≤ ε₀, ∃ t, r > 0 with F (circleLoop (sphereZero n) ε t) = -r and every q : Octonion with exp q = ofReal (-r) has re q = log r.	WELD (d) touch: winding forces the degenerate encounter; the touched fibre carries the ONE level log r; the touch is the divisor's.
ASection.concentricity_via_weldW3	Concentricity/WeldW3.lean:639	theorem	MAP-readout	stem	sorried	∃ c : ℝ, ∀ n : ℕ, (A.sphereZero n).re = c — the theorem's target, fed the full W3 board (a)-(d); the proof stops by_contra at ⊢ False.	ROUTE RECEIPT (R6/R8): missing identification of value-side fibre level log r with domain-side level Re(sphereZero ·) — the eq:placement-set seam.
ASection.worldRot	Concentricity/AFunctor.lean:43	def	MOR-g2	sphereworld	def	SphereWorld ⥤ SphereWorld for g : G2: objects rotate by g, rot leg conjugates (g·rot·g⁻¹), mob leg unchanged.	The G2-rotation endofunctor — the rotation leg the functor action rides.
ASection.poleRot	Concentricity/AFunctor.lean:87	def	MOR-g2	sphereworld	def	For v w ∈ unitImaginarySphere: the G2 element with poleRot • v = w, via Classical.choose of G2-transitivity on S⁶.	Chosen at the SU(3) stabilizer slack; unbundled S⁶ directions.
ASection.poleRot_smul	Concentricity/AFunctor.lean:91	theorem	MOR-g2	sphereworld	proved	poleRot hv hw • v = w.	choose_spec.
ASection.dirLink	Concentricity/AFunctor.lean:100	def	MOR-g2	sphereworld	def	I ⟶ J in SphereWorld: dirHomTo of poleRot — the bridge carrying a winding's ℂ-lift to a sphere-world morphism.	The B-morphism ↦ slice-world morphism link per docstring; not consumed by functorA.map as written.
ASection.poleGen	Concentricity/AFunctor.lean:117	def	MOR-g2	sphereworld	def	G2: poleRot from baseWorld to its antipode — A's fundamental pole rotation (the antipodal flip v ↦ -v of the base direction).	Project notes (memory 2026-07-11) record the poleGen^k bridge as the diagnosed substitute for A's own transport.
G2	Concentricity/G2.lean:27	structure	MOR-g2	domain-H1	def	toEquiv : Octonion equiv-l[R] Octonion with map_mul' : toEquiv (x*y) = toEquiv x * toEquiv y — G2 = Aut(O) as multiplicative R-linear self-equivalences.	master def:G2 (quoted); AlgEquiv unusable (needs assoc); Lie clauses (14-dim, compact, connected) not consumed, not stated
G2.instMulActionOctonion	Concentricity/G2.lean:63	instance	MOR-g2	domain-H1	def	MulAction G2 Octonion: g smul x = g.toEquiv x.	smul_def simp lemma at l.69
G2.smul_mul	Concentricity/G2.lean:72	theorem	MOR-g2	domain-H1	proved	g smul (x*y) = (g smul x) * (g smul y).	the automorphism property as a simp lemma
G2.exists_smul_basicTriple	Concentricity/G2.lean:105	theorem	MOR-g2	domain-H1	proved	For basic triples T1, T2 there is g : G2 with g smul T1.u = T2.u, g smul T1.w = T2.w, g smul T1.z = T2.z (P4.2.f).	frame-matching linear map is multiplicative because the table is universal; bilinear bootstrap via mulLeft/mulRight
G2.exists_smul_eq_of_mem_unitImaginarySphere	Concentricity/G2.lean:194	theorem	MOR-g2	domain-H1	proved	u, v in unitImaginarySphere imply exists g : G2, g smul u = v — the transitivity clause of thm:G2-S6 (Baez).	direction arrows between any two worlds; substrate of SphereWorld connectivity; stabilizer-SU(3) clause NOT stated (SOURCES gap, in docstring)
instMulActionG2OnePointOctonion (anonymous)	Concentricity/G2.lean:210	instance	MOR-g2	domain-H1	def	MulAction G2 (OnePoint Octonion): g acts by OnePoint.map (g smul .), fixing infinity.	rmk:G2-compact quoted; infinity = N fixed by construction; topological clauses queued per docstring
H1	Concentricity/G2.lean:231	def	MOR-g2	domain-H1	def	H1 := CategoryTheory.ActionCategory G2 (OnePoint Octonion) — the octonionic world H1 = G2 semidirect O*.	master def:two-worlds; components = G2-orbits (Quillen sec.1); two-kinds orbit description queued, not stated
ASection.normalizedWorldRotate	Concentricity/NormalizedAction.lean:33	def	MOR-g2	sphereworld	def	G2 relabelling of a world: ⟨g • I.val, membership⟩ : SphereWorld.	Same formula as worldRot.obj (AFunctor.lean:44).
H1.zigzag_of_smul	Concentricity/PhiConversion.lean:103	theorem	MOR-g2	domain-H1	proved	Zigzag (H1.of x) (H1.of (g • x)) — a direction morphism joins any point to its G₂-translate.	the generating zigzag of an orbit component
H1.sphere_zigzag	Concentricity/PhiConversion.lean:112	theorem	MOR-g2	domain-H1	proved	For v,w ∈ unitImaginarySphere and ζ : ℂ, Zigzag (H1.of (sliceEmbed v ζ)) (H1.of (sliceEmbed w ζ)) — two points of one sphere lie in ONE component of 𝓗₁.	lem:residue-spheres connectivity half; orbit transitivity thm:G2-S6 (Baez) via G2.exists_smul_eq_of_mem_unitImaginarySphere
G2.im_smul_ne_zero	Concentricity/Slice.lean:221	theorem	MOR-g2	domain-H1	proved	im x ≠ 0 → im (g • x) ≠ 0 — G2 preserves non-reality (automorphisms fix R pointwise).	Support for the isometry engine.
G2.smul_re_normSq	Concentricity/Slice.lean:236	theorem	MOR-g2	domain-H1	proved	re (g•x) = re x ∧ normSq (g•x) = normSq x — G2 preserves the real part and the quadratic form (the isometry engine).	Via the quadratic identity x² = 2(re x)x − N(x) (P4.2.a) and independence of {g•x, 1}.
G2.smul_re	Concentricity/Slice.lean:287	theorem	MOR-g2	domain-H1	proved	re (g•x) = re x.	Projection of smul_re_normSq; the G2-invariance of the level label.
G2.smul_normSq	Concentricity/Slice.lean:291	theorem	MOR-g2	domain-H1	proved	normSq (g•x) = normSq x.	Projection of smul_re_normSq.
G2.smul_norm	Concentricity/Slice.lean:295	theorem	MOR-g2	domain-H1	proved	norm (g•x) = norm x.	Corollary via sqrt of smul_normSq.
SphereHom	Concentricity/SliceSphereWorld.lean:200	structure	MOR-g2	sphereworld	def	Morphism I ⟶ J of 𝒮₂: rot : G2 with rot • I.val = J.val (direction leg) and mob : Moebius (Moebius leg, read in the source world's chart).	LOCKED; combines G2 direction + Moebius datum; @[ext].
dirHom	Concentricity/SliceSphereWorld.lean:253	def	MOR-g2	sphereworld	def	The direction morphism g : I ⟶ ⟨g•I.val⟩ with trivial Moebius leg — worlds relabelled, not points moved.	def:two-worlds direction clause at sphere level.
dirHomTo	Concentricity/SliceSphereWorld.lean:259	def	MOR-g2	sphereworld	def	Direction morphism I ⟶ J with prescribed target, given h : g • I.val = J.val (eqToHom-free form).	Consumed by dirLink and sphereWorld_zigzag.
instance MulAction G2 SliceWorld	Concentricity/TwoWorlds.lean:53	instance	MOR-g2	domain-H1	def	MulAction G2 SliceWorld inferred from MulAction G2 (OnePoint Octonion).	transports the G2 action across the type synonym
S2.directionHom	Concentricity/TwoWorlds.lean:87	def	MOR-g2	domain-H1	def	directionHom (g : G2) (w w') (h : g•w = w') : S2.of w ⟶ S2.of w' — class of the direction generator composed with eqToHom along h.	the exact composite Φ needs (thm:section-functor)
G2.smul_mem_unitImaginarySphere	Concentricity/ZeroSpheres.lean:34	theorem	MOR-g2	domain-H1	proved	g • v ∈ unitImaginarySphere for v ∈ unitImaginarySphere — G2 preserves S⁶.	Via G2.smul_re/G2.smul_normSq; consumed by SphereWorld constructions.
zeroSphere_eq_orbit	Concentricity/ZeroSpheres.lean:70	theorem	MOR-g2	domain-H1	proved	zeroSphere σ γ = range (fun g : G2 => g • sliceEmbed v₀ ⟨σ,γ⟩) — the sphere is a single G2-orbit.	Master (i); via G2 transitivity + smul_sliceEmbed; no embedding/diffeomorphism invoked.
ASection.realizes_of_value_eq	Concentricity/ConcentricityReadout.lean:57	theorem	MOR-gpv	old-base	proved	NonSingular σ and Fstar(circleEmbed σ) = Fstar(circleEmbed σ') imply Realizes σ σ' 0 — same compactified value gives the winding-0 transport arrow (constant value path, constant lift).	Arrow form of A.Base's register (value-coincidence morphisms); endpoints ride carrier maps Fstar/circleEmbed.
ASection.gpvBase_transport_star	Concentricity/ConnectedBase.lean:44	theorem	MOR-gpv	carrier	proved	Given δ on OnePoint ℂ and nonvanishing γ with ↑(γ t) = Fstar (δ t): ∃ Γ with exp∘Γ = γ, lands on the compactified stem, tape Γ.re = log‖γ‖ continuous, Γ unique through the basepoint.	#4 value-path transport; reduces to exists_log_continuation + winding_lift_unique; DIAG-triangle content in conclusion.
ASection.gpvBase_transport	Concentricity/FaithfulApply.lean:122	theorem	MOR-gpv	stem	proved	For every pole-avoiding nonvanishing domain path δ: ∃ lift Γ with exp(Γ t)=F(δ t), level (Γ t).re=log‖F(δ t)‖ continuous, Γ unique through its basepoint, and level lift-independent.	Author correction (2) as theorem: the GPV-B transport datum; GPVwind Def 4.1/Prop 4.2/Def 4.7 + VS Def 5.3 jointly.
stemDirSign_eq_zero_iff	Concentricity/FlipWeld.lean:96	theorem	MOR-gpv	stem	proved	stemDirSign γ t = 0 ↔ t ∈ obstructionSet γ — the pointwise stem direction datum is the junk value 0 exactly at obstruction parameters (γ t real).	GPVwind Rem 2.1 junk honesty (verbatim in docstring); the honest data are the one-sided limits in CrossingData (SigmaE3).
conjLoop_obstructionSet	Concentricity/FlipWeld.lean:654	theorem	MOR-gpv	stem	proved	obstructionSet (conjLoop γ) = obstructionSet γ — ℝ is conjugation-fixed (Def 5.1's T = γ⁻¹(ℝ)).	obstruction set preserved by the mirror.
ASection.GpvTransportWitness	Concentricity/IntegrateTheorem.lean:270	structure	MOR-gpv	mixed	def	The frozen TransportWitness (closing arrow at transportLevel n of the 𝒯^𝔫 object + C1 certificate) extended with 6 GPV cargo fields: gpv_base, sphere_passages, passage_band, cone_escape, cone_passages, fibre_concentric.	witness field rides TransportObject's 𝒯^𝔫 (old-total); cargo fields are stem/Octonion. Mode A1 enriched witness.
ASection.GpvPopulated	Concentricity/IntegrateTheorem.lean:313	def	MOR-gpv	mixed	def	GpvPopulated A := ∀ n : ℕ, A.GpvTransportWitness n — an enriched witness at every enumerated zero-sphere.	Enriched form of the frozen ASection.Populated; inherits old-total contamination via witness field.
ASection.gpvPopulated	Concentricity/IntegrateTheorem.lean:323	def	MOR-gpv	mixed	def	Every A-section is GPV-populated: the enriched witness assembled at every n from the certified board (frozen populated + 6 proved cargo rows).	No new hypothesis: every field a proved consequence of C1-C4 (R3).
ASection.GpvZigzag	Concentricity/IntegrateTheorem.lean:373	structure	MOR-gpv	mixed	def	Record: edgeN and edgeM (enriched witnesses at spheres n,m) + class_eq (transportClass n = transportClass m) — the witness zigzag n → 𝔫 ← m with edges carrying the GPV cargo.	Mode A2's object: edges carry the level tapes; class_eq lives on old-total 𝒯^𝔫.
ASection.gpvZigzag	Concentricity/IntegrateTheorem.lean:383	def	MOR-gpv	mixed	def	Every A-section carries a GpvZigzag between every pair n,m: edges from gpvPopulated, class_eq from transport_universal_gpv.	Population of the updated theorem; consumed as P6 feed in zero_levels_common.
Octonion.IsLift	Concentricity/LogManifold.lean:650	structure	MOR-gpv	domain-H1	def	IsLift gamma Gamma : Prop-structure with mem (Gamma t in logManifold) and commutes ((Gamma t).1 = gamma t) - a lift of a path to E+_O.	SOURCED: GPVwind Def 4.1 verbatim in docstring (pr1 o Gamma = gamma).
Octonion.isLift_of_continuation	Concentricity/LogManifold.lean:660	theorem	MOR-gpv	domain-H1	proved	A continuation gamma' (exp o gamma' = gamma pointwise) yields an E+-lift Gamma with Gamma t = Eexp (gamma' t) - continuation implies lift, with the printed correspondence.	GPVwind Prop 4.2 easy direction; lift continuity needs only gamma and im, never the direction field.
Octonion.continuation_of_isLift	Concentricity/LogManifold.lean:683	theorem	MOR-gpv	domain-H1	proved	An E+-lift Gamma of nonvanishing gamma yields a continuation gamma' t = Llog (Gamma t) with exp o gamma' = gamma - lift implies continuation, gamma-tilde = L o Gamma.	The continuous level (level_tape_continuous) is the load-bearing step at every degenerate passage.
Octonion.lift_iff_continuation	Concentricity/LogManifold.lean:704	theorem	MOR-gpv	domain-H1	proved	For nonvanishing gamma : C(unitInterval, Octonion): an E+-lift exists iff a continuation of the hypercomplex logarithm exists.	'The two data are equivalent' (master thm:winding-lift verbatim; GPVwind Prop 4.2).
Octonion.IsLoopLift	Concentricity/LogManifold.lean:729	structure	MOR-gpv	domain-H1	def	IsLoopLift gamma Gamma for gamma : C(Circle, Octonion), Gamma : C(R, Octonion x Octonion): Gamma y in logManifold and (Gamma y).1 = gamma (Circle.exp y) - the loop lift on the universal cover.	SOURCED: GPVwind Def 5.11; iR coordinatized by R through Circle.exp (rendering note in docstring).
ASection.GpvTransport	Concentricity/Recovery.lean:23	structure	MOR-gpv	carrier	def	Record over A : ASection, sigma sigma' : OnePoint R, k : Z - domain C(I, OnePoint C), value and lift C(I, C), endpoints circleEmbed sigma/sigma', value_compact (coe value = Fstar o domain), value_ne_zero, lift_exp, winding = 2 pi i k.	The literal compactified GPV transport: keeps the domain path + Fstar equation that Realizes forgets. Carrier-typed (OnePoint R/C, circleEmbed, Fstar).
ASection.GpvTransport.toRealizes	Concentricity/Recovery.lean:38	theorem	MOR-gpv	mixed	proved	Forgetting the domain-side witness of a GpvTransport A sigma sigma' k yields A.Realizes sigma sigma' k.	Carrier record into old-base Realizes (ConnectedBase.lean) - the compatibility bridge; conclusion is contaminated-typed.
ASection.GpvRealizes	Concentricity/Recovery.lean:273	def	MOR-gpv	old-base	def	GpvRealizes A sigma sigma' k := Nonempty (GpvTransport A sigma.point.val sigma'.point.val k) - a winding label is an arrow iff it has a literal compactified representative.	Nonempty intentional: strict categorical laws depend only on the winding label; representative retrievable.
ASection.realizes_gpv_lift	Concentricity/Recovery.lean:319	theorem	MOR-gpv	old-base	proved	Every A.Realizes sigma sigma' k arrow carries GPV data: value path gamma and lift Gamma with exp o Gamma = gamma, winding 2 pi i k, level tape (Gamma t).re = log||gamma t|| continuous, lift unique given basepoint.	Hypothesis is old-base Realizes; content is stem-level (winding_lift_unique, Toolkit); lets a rebuilt section action consume transport data, not just an integer.
obstructionSet	Concentricity/SigmaE3.lean:540	def	MOR-gpv	stem	def	obstructionSet γ = {t | (γ t).im = 0} — γ⁻¹(ℝ) on the stem.	GPVwind Def 5.1, verbatim in docstring; DERIVED stem rendering (R10).
stemDirSign	Concentricity/SigmaE3.lean:549	def	MOR-gpv	stem	def	stemDirSign γ t = Real.sign ((γ t).im) — the ±1 carrier of Def 5.2's unit direction field Y/|Y| = sign(im γ)·i on the slice.	Rem 2.1 quoted: direction field has no continuous extension to ℝ — why crossing data is one-sided.
CrossingData	Concentricity/SigmaE3.lean:563	structure	MOR-gpv	stem	def	An obstruction parameter t (im γ t = 0) with one-sided direction signs sLeft, sRight ∈ {±1} eventually attained on nhdsWithin Iio/Ioi t.	GPVwind Def 5.2 rendering (verbatim clauses in docstring); eventual sign constancy = one-sided limits into discrete {±i}.
CrossingData.IsFlip	Concentricity/SigmaE3.lean:579	def	MOR-gpv	stem	def	d.IsFlip ↔ d.sRight = −d.sLeft (opposite one-sided limits).	Def 5.2 flip, verbatim quote.
CrossingData.IsBounce	Concentricity/SigmaE3.lean:583	def	MOR-gpv	stem	def	d.IsBounce ↔ d.sRight = d.sLeft (equal one-sided limits).	Def 5.2 bounce, verbatim quote.
CrossingData.flip_or_bounce	Concentricity/SigmaE3.lean:587	theorem	MOR-gpv	stem	proved	Every crossing datum is a flip or a bounce.	Def 5.2's tame dichotomy on the stem (both signs are ±1).
CrossingData.not_flip_and_bounce	Concentricity/SigmaE3.lean:592	theorem	MOR-gpv	stem	proved	No crossing datum is both a flip and a bounce.	Exclusivity of the dichotomy.
ASection.TransportWitness	Concentricity/TransportObject.lean:149	structure	MOR-gpv	old-total	def	At level c: an arrow ofBase (lvl c) ⟶ nObj plus C1 consumed (meromorphicOrderAt A.F pole = −1, the simple pole).	Packages the closing arrow with the C1 register (R10 citation lives here).
ASection.Populated	Concentricity/TransportObject.lean:162	def	MOR-gpv	old-total	def	Type := ∀ n, TransportWitness A (transportLevel n) — a witness at the level of each residue-ℂ zero-sphere.	transportLevel from Theorem.lean:171 (frozen row = (sphereZero n).re).
ASection.populated	Concentricity/TransportObject.lean:168	def	MOR-gpv	old-total	def	Every A-section populates its diagram: witness = ⟨toNHom, c1_simple⟩ at each level.	
stem_direction_disconnected	Concentricity/WeldW3.lean:124	theorem	MOR-gpv	stem	proved	No f : C(unitInterval, ℝ) with f 0 = 1, f 1 = -1 and f t ∈ {1,-1} everywhere — the stem's direction set S⁰ is disconnected (IVT).	WELD (a) ℂ side: a ℂ-loop around a zero is forced through the real-axis obstruction; pairs with direction_path_to_neg.
Octonion.companion_forced	Concentricity/WeldW3.lean:202	theorem	MOR-gpv	domain-H1	proved	q = sliceEmbed w ξ with w ∈ S⁶ and im q ≠ 0 forces w = dir q ∨ w = -dir q — the companion class in 𝕊/{±Id} is unique off ℝ.	GPVwind Def 4.7 companion/tameness pointwise (verbatim in docstring).
ASection.sphereLoop	Concentricity/WeldW3.lean:224	def	MOR-gpv	mixed	def	sphereLoop A n v ε : C(unitInterval, Octonion) := t ↦ sliceEmbed v (circleLoop (A.sphereZero n) ε t) — the ε-circle in slice ℂ_v about the n-th enumerated zero.	GPVwind's domain loop on the repo's Octonion; ASection (C1–C4) + Octonion; stem carrier = SigmaE3's circleLoop.
ASection.sphereLoop_closed	Concentricity/WeldW3.lean:240	theorem	MOR-gpv	mixed	proved	A.sphereLoop n v ε 0 = A.sphereLoop n v ε 1 — the sphere loop is closed (Def 5.11's sense).	via circleLoop_closed.
ASection.sphereLoop_obstruction_empty	Concentricity/WeldW3.lean:271	theorem	MOR-gpv	mixed	proved	im (A.sphereLoop n v ε t) ≠ 0 for all t (0 < ε < (sphereZero n).im) — GPVwind Def 5.1's obstruction set T = γ⁻¹(ℝ) is EMPTY.	Def 5.2 flip/bounce data vacuous; Cor 5.13's σ-criterion never engaged on the DOMAIN loop.
ASection.sphereLoop_companion	Concentricity/WeldW3.lean:287	theorem	MOR-gpv	mixed	proved	Octonion.dir (A.sphereLoop n v ε t) = v for all t — the companion field of Def 4.7 is the CONSTANT v.	via dir_sliceEmbed_of_pos; the loop lives in one slice ℂ_v.
ASection.sphereLoop_tame	Concentricity/WeldW3.lean:300	theorem	MOR-gpv	mixed	proved	Any slice-membership witness w (sphereLoop t = sliceEmbed w ξ, w ∈ S⁶) satisfies w = v ∨ w = -v — one class in 𝕊/{±Id}: the loop is TAME (unique companion).	Def 4.7 tameness (verbatim quote via companion_forced).
ASection.realizes_id	Concentricity/ConnectedBase.lean:98	theorem	MOR-laws	old-base	proved	NonSingular σ → Realizes σ σ 0: the constant value-path realizes winding 0.	id closure of the winding groupoid.
ASection.realizes_inv	Concentricity/ConnectedBase.lean:120	theorem	MOR-laws	old-base	proved	Realizes σ σ' k → Realizes σ' σ (−k): reversing the value-path negates the winding.	inv closure.
ASection.realizes_comp	Concentricity/ConnectedBase.lean:145	theorem	MOR-laws	old-base	proved	Realizes σ σ' k → Realizes σ' σ'' k' → Realizes σ σ'' (k+k'): concatenation adds windings (lift concatenated, second shifted at junction).	comp closure; value-path taken as exp of the concatenated lift.
ASection.instGroupoidBase	Concentricity/ConnectedBase.lean:191	instance	MOR-laws	old-base	def	Groupoid A.Base: Hom σ σ' = {k : ℤ // Realizes σ σ' k}; id/comp/inv via realizes_id/comp/inv; strictly associative by Subtype.ext on ℤ.	The winding groupoid — the domain of functorA.
G2.instGroup	Concentricity/G2.lean:57	instance	MOR-laws	domain-H1	def	Group G2, with One = refl (l.41), Mul = g after h (l.45), Inv = symm with derived multiplicativity (l.51).	identity/inverse/composition laws of the direction-arrow group; ext lemma at l.36
instGroupoidH1 (anonymous)	Concentricity/G2.lean:233	instance	MOR-laws	domain-H1	def	CategoryTheory.Groupoid H1, inherited from the ActionCategory instance.	invertibility of all H1 arrows
GreatCircle.groupoid	Concentricity/ProjectiveBase.lean:62	def	MOR-laws	locked-base	def	Groupoid Base := inferInstance — named witness of the Stage-1 groupoid check.	@[reducible].
ASection.GpvTransport.id	Concentricity/Recovery.lean:144	def	MOR-laws	mixed	def	The constant compactified GPV transport GpvTransport A sigma sigma 0 at a NonSingular circle point: constant domain/value/lift at Fstar's finite nonzero value and its Complex.log.	Carrier record but hypothesis A.NonSingular sigma is the old-base predicate (ConnectedBase.lean).
ASection.GpvTransport.inv	Concentricity/Recovery.lean:170	def	MOR-laws	carrier	def	Reversing every path (unitInterval.symm) of a GpvTransport A sigma sigma' k gives a GpvTransport A sigma' sigma (-k) - inverse transport with negated winding.	Inverse law of the literal transport.
ASection.GpvTransport.comp	Concentricity/Recovery.lean:201	def	MOR-laws	carrier	def	Concatenation: GpvTransport A sigma sigma' k and A sigma' sigma'' k' compose to GpvTransport A sigma sigma'' (k+k'); domain and lift paths trans'd, second lift deck-shifted to start at the first's endpoint.	The shared section value at the junction makes the deck shift invisible after exp; windings add.
ASection.instGroupoidGpvBase	Concentricity/Recovery.lean:276	instance	MOR-laws	old-base	def	Groupoid instance on GpvBase A: Hom = {k : Z // GpvRealizes A . . k}, id = 0 via GpvTransport.id, comp adds windings via GpvTransport.comp, inv negates via GpvTransport.inv; laws by Subtype.ext on Z.	The GPV-enriched winding groupoid over the old base's points; representatives chosen by Classical.choice.
bandGL_one	Concentricity/SliceSphereWorld.lean:152	theorem	MOR-laws	carrier	proved	bandGL 1 = 1.	Multiplicativity helper for bandMoebiusHom.
bandGL_mul	Concentricity/SliceSphereWorld.lean:158	theorem	MOR-laws	carrier	proved	bandGL (c₁·c₂) = bandGL c₁ · bandGL c₂.	Multiplicativity helper.
instCategorySphereWorld	Concentricity/SliceSphereWorld.lean:209	instance	MOR-laws	sphereworld	def	Category SphereWorld: Hom = SphereHom, id = ⟨1,_,1⟩, comp componentwise (ψ.rot·φ.rot, ψ.mob·φ.mob); laws by SphereHom.ext + group identities.	Anonymous instance.
SphereHom.comp_rot	Concentricity/SliceSphereWorld.lean:226	theorem	MOR-laws	sphereworld	proved	(φ ≫ ψ).rot = ψ.rot * φ.rot.	rfl; consumed by functor-law proofs.
SphereHom.comp_mob	Concentricity/SliceSphereWorld.lean:229	theorem	MOR-laws	sphereworld	proved	(φ ≫ ψ).mob = ψ.mob * φ.mob.	rfl.
SphereHom.id_rot	Concentricity/SliceSphereWorld.lean:232	theorem	MOR-laws	sphereworld	proved	rot (𝟙 I) = 1.	rfl.
SphereHom.id_mob	Concentricity/SliceSphereWorld.lean:234	theorem	MOR-laws	sphereworld	proved	mob (𝟙 I) = 1.	rfl.
instGroupoidSphereWorld	Concentricity/SliceSphereWorld.lean:239	instance	MOR-laws	sphereworld	def	Groupoid SphereWorld: inv φ = ⟨φ.rot⁻¹, _, φ.mob⁻¹⟩ — every morphism inverts componentwise.	Anonymous instance; '𝒮₂ is a groupoid' per author's dictation.
BaseC.instPreorder	Concentricity/TransportObject.lean:61	instance	MOR-laws	old-total	def	Preorder BaseC: x ≤ y iff x = y or y = 𝔫 — identities and the closing arrows c ⟶ 𝔫 only; no arrows between distinct finite levels.	Category via global Preorder.smallCategory; anonymous instance.
instance Quiver SliceWorld	Concentricity/TwoWorlds.lean:51	instance	MOR-laws	domain-H1	def	Quiver SliceWorld := ⟨Gen⟩ — installs the generator arrows as the hom quiver.	plumbing that carries frame meaning: Gen is the official arrow supply of 𝒮₂
SliceWorld.Rel	Concentricity/TwoWorlds.lean:59	structure	MOR-laws	domain-H1	def	Relations on Paths SliceWorld: direction_one (toPath (direction 1 w) ~ eqToHom) and direction_mul (composite of direction g, h ~ direction (h*g) ≫ eqToHom).	presentation-minimal: exactly the relations Φ's functoriality needs; band conjugation relations queued per docstring
S2.directionHom_one	Concentricity/TwoWorlds.lean:96	theorem	MOR-laws	domain-H1	proved	directionHom 1 w w h = 𝟙 (S2.of w) — identity clause of the direction morphisms via Rel.direction_one through the quotient.	DERIVED (R10); term-level Eq.trans chain to dodge transparency issues
S2.directionHom_mul	Concentricity/TwoWorlds.lean:109	theorem	MOR-laws	domain-H1	proved	directionHom (h*g) w w'' h₃ = directionHom g w w' h₁ ≫ directionHom h w' w'' h₂ — composition clause via Rel.direction_mul.	DERIVED (R10); supplies map_comp of the section functor
Moebius	Concentricity/SliceSphereWorld.lean:92	def	MOR-mobius	carrier	def	Subgroup of Equiv.Perm (OnePoint ℂ): the range of the GL(2,ℂ) action homomorphism — the Moebius transformation group of the standard Riemann sphere.	Head of locked 𝒮₂; PGL(2,ℂ)-as-maps via Mathlib OnePoint.instGLAction (R5 verified per docstring).
Moebius.of	Concentricity/SliceSphereWorld.lean:96	def	MOR-mobius	carrier	def	The Moebius element of a matrix g : GL(2,ℂ): its permutation of OnePoint ℂ with range membership witness.	Constructor into Moebius.
Moebius.of_apply	Concentricity/SliceSphereWorld.lean:99	theorem	MOR-mobius	carrier	proved	(Moebius.of g).val z = g • z for g : GL(2,ℂ), z : OnePoint ℂ.	rfl unfolding.
mobHom	Concentricity/SliceSphereWorld.lean:263	def	MOR-mobius	sphereworld	def	The Moebius self-map morphism of a single world: ⟨1,_,m⟩ : I ⟶ I.	
SliceWorld.Gen	Concentricity/TwoWorlds.lean:43	structure	MOR-mobius	domain-H1	def	Inductive generators of 𝒮₂: direction (g : G2) : w → g•w; band (v∈S⁶, θ, ζ) : φ_v(ζ) → φ_v(e^{iθ}ζ); bandInfty (v, θ) : ∞ → ∞.	direction = MOR-g2, band/bandInfty = MOR-u1; 0 and ∞ get phase loops; master def:two-worlds morphism generators
GreatCircle.Aut	Concentricity/ProjectiveBase.lean:33	abbrev	MOR-pgl	locked-base	def	Aut := PGL(2, ℝ) — the full projective real Moebius automorphism group of the great circle.	LOCKED.
GreatCircle.scalar_smul	Concentricity/ProjectiveBase.lean:38	theorem	MOR-pgl	locked-base	proved	Scalar matrices act trivially on Point — the descent condition for the native GL(2,ℝ) action on OnePoint ℝ.	@[simp]; OnePoint.rec case split.
GreatCircle.instMulActionAutPoint	Concentricity/ProjectiveBase.lean:47	instance	MOR-pgl	locked-base	def	MulAction Aut Point: the PGL(2,ℝ) Moebius action descended from GL(2,ℝ) through scalars (ProjGenLinGroup.mulActionOfGL).	LOCKED action.
GreatCircle.mk_smul	Concentricity/ProjectiveBase.lean:53	theorem	MOR-pgl	locked-base	proved	ProjGenLinGroup.mk g • x = g • x — a representative matrix acts through its projective class as through the native action.	@[simp].
ASection.neg_reals_swept_near_sphereZero	Concentricity/LoopAssembly.lean:225	theorem	MOR-transition	stem	proved	∀ ε > 0 ∃ η > 0: for every 0 < r < η there is z with dist z (sphereZero n) < ε and A.F z = −r.	C3's degenerate encounters: stem_local_form + open mapping (AnalyticAt.eventually_constant_or_nhds_le_map_nhds pin); values sweep small negative reals.
ASection.shared_ladder_encounters	Concentricity/LoopAssembly.lean:271	theorem	MOR-transition	stem	proved	∀ ε > 0 ∃ r with 0 < r < ε and points z, w within ε of sphereZero n resp. sphereZero m where A.F = −r at both.	The SHARED ladder: two zeros' encounters share ONE value −r hence one lem:exp-degenerate ladder — one level log r, heights band data only.
ASection.NormalizedNLeg	Concentricity/NormalizedNLeg.lean:25	structure	MOR-transition	mixed	def	One field `closure`: exists eps_z, eps_p > 0 s.t. for all smaller radii there are Gz (C3 zero loop image under A.F), Gp (C1 pole loop image), and Gamma' with exp(Gamma') = Gz * Gp^mult and Gamma' closed.	Leg-toward-N morphism certificate (pole-junction/DIAG-poleN content); the I : SphereWorld parameter is phantom — unused in the field; mult = Nat.card of equal-zero index set.
ASection.normalizedNLeg	Concentricity/NormalizedNLeg.lean:38	def	MOR-transition	mixed	def	normalizedNLeg A n I : NormalizedNLeg A n I := <normalizedZero_pole_power_closes n I> — C1 and C3 construct the leg for every index and every slice world.	Populated by normalizedZero_pole_power_closes (NormalizedPoleBridge.lean:48); no sorry in the chain here.
ASection.phi_encounter_zigzag	Concentricity/PhiConversion.lean:576	theorem	MOR-transition	domain-H1	proved	For non-real x, y with A.F analytic at both coords and A.F(coord x) = A.F(coord y): Zigzag (Φ x) (Φ y) — Φ-images at a shared stem value lie in ONE 𝒮₂-component.	composition (γ), the ENCOUNTER read (LoopAssembly §C shared-ladder encounters); only non-degenerate carriage of Φ
ASection.GpvTransport.ofEulerHalfSpaceLoop	Concentricity/Recovery.lean:50	def	MOR-transition	carrier	def	W1: a loop delta in C2's Euler half-space (A.Omega0 < re, pole avoided), based at circleEmbed sigma, yields a GpvTransport A sigma sigma 0 - closure via stemWinding_F_halfSpace + stemWinding_eq_zero_iff.	W1 into the repaired base; consumes C2 Euler representation and zero-freeness; noncomputable def producing the transport datum.
ASection.GpvTransport.ofLeftRegionLoop	Concentricity/Recovery.lean:99	def	MOR-transition	carrier	def	W2: a loop above the real axis with re < beta-lo <= every (A.sphereZero n).re, pole avoided, yields a GpvTransport A sigma sigma 0 - closure via stemWinding_F_leftRegion.	W2 left-region companion to W1; uses C1 analyticity + C3 zero exclusion (F_ne_zero_of_re_lt_lowerEdge).
bandFunctor	Concentricity/Base.lean:53	def	MOR-u1	old-total	def	Base ⥤ Grpd: the constant functor at SingleObj Circle — every base morphism to the band identity.	Const-functor register.
S2.exists_band_rotation	Concentricity/PhiConversion.lean:218	theorem	MOR-u1	stem	proved	∀ ζ : ℂ, ∃ θ : ℝ, exp(θi)·ζ = ‖ζ‖ — the band rotation carrying a slice coordinate onto its modulus (θ = −arg ζ).	pure ℂ helper via Complex.norm_mul_exp_arg_mul_I
S2.zigzag_to_norm	Concentricity/PhiConversion.lean:248	theorem	MOR-u1	domain-H1	proved	Zigzag (S2.of x) (S2.of (ofReal (norm x))) for every finite x — every point is band-connected to the real representative of its modulus.	the real point is shared by every slice sphere; splits on im x = 0
S2.zigzag_of_normSq_eq	Concentricity/PhiConversion.lean:280	theorem	MOR-u1	domain-H1	proved	normSq x = normSq y → Zigzag (S2.of x) (S2.of y) — two finite points of equal quadratic form lie in ONE component of 𝒮₂.	backward half of π₀(𝒮₂): both routes through the shared real representative
S2.level_not_invariant	Concentricity/PhiConversion.lean:405	theorem	MOR-u1	domain-H1	proved	For v ∈ unitImaginarySphere: Zigzag (S2.of 1) (S2.of v) — the band connects the real point 1 (level 1) to a unit imaginary point (level 0).	WITNESS: the level is NOT an 𝒮₂-invariant; π₀(𝒮₂) forgets the level by construction
bandGL	Concentricity/SliceSphereWorld.lean:106	def	MOR-u1	carrier	def	The band matrix of a phase c ∈ Circle: diag(c,1) in GL(2,ℂ) via mkOfDetNeZero.	U(1) band inside Moebius (master def:two-worlds, band clause).
bandGL_val	Concentricity/SliceSphereWorld.lean:111	theorem	MOR-u1	carrier	proved	(bandGL c).val = !![c,0;0,1].	rfl plumbing.
bandMoebius	Concentricity/SliceSphereWorld.lean:114	def	MOR-u1	carrier	def	The band phase c as a Moebius self-map: Moebius.of (bandGL c).	
bandMoebius_apply_coe	Concentricity/SliceSphereWorld.lean:118	theorem	MOR-u1	carrier	proved	At a finite chart point: (bandMoebius c).val ↑z = ↑(c·z) — the phase rotation z ↦ c·z.	The u_θ of def:two-worlds, c = e^{iθ}.
bandMoebius_apply_infty	Concentricity/SliceSphereWorld.lean:138	theorem	MOR-u1	carrier	proved	(bandMoebius c).val ∞ = ∞ — the band fixes the point at infinity N.	Pole-fixing clause of the band (def:two-worlds).
bandMoebius_apply_zero	Concentricity/SliceSphereWorld.lean:147	theorem	MOR-u1	carrier	proved	(bandMoebius c).val ↑0 = ↑0 — the band fixes the value-origin 0.	
bandMoebiusHom	Concentricity/SliceSphereWorld.lean:167	def	MOR-u1	carrier	def	Circle →* Moebius: the band as a group homomorphism — U(1) lives in the Moebius group.	The 'S¹ and U(1) live there too' clause of the author's dictation.
bandHomAt	Concentricity/SliceSphereWorld.lean:267	def	MOR-u1	sphereworld	def	The band phase c as an endomorphism of world I: mobHom I (bandMoebiusHom c).	u_θ ∈ 𝒮₂(I,I).
bandEnd	Concentricity/SliceSphereWorld.lean:272	def	MOR-u1	sphereworld	def	Circle →* End I: the band as a monoid homomorphism into each sphere-object's endomorphisms.	LOCKED per typed-over spec; U(1) in every world.
bandFunctorC	Concentricity/TransportObject.lean:80	def	MOR-u1	old-total	def	BaseC ⥤ Grpd: the constant functor at the band groupoid SingleObj Circle — winding stays band data, never an object label.	Const-functor register (the substitute pattern per project memory).
ASection.Realizes	Concentricity/ConnectedBase.lean:88	def	MOR-winding	old-base	def	Prop: ∃ γ Γ, γ nonvanishing, ↑(γ 0)/↑(γ 1) = Fstar at σ/σ', exp∘Γ = γ, Γ 1 − Γ 0 = 2πik — A realizes a transport σ ⟶ σ' of winding k.	CONTAMINATED per rule; the branch datum GPV uniqueness pins per docstring.
ASection.great_circle_passage_total	Concentricity/FaithfulApply.lean:274	theorem	MOR-winding	stem	proved	On a negative-valued real stretch: existence of a lift at every odd rung (2k+1)π with level log‖F‖, AND every lift rides exactly one rung with the same level tape.	One lift per rung, one rung per lift: §2 + InboxWire degenerate_stretch_pins_band combined.
crossingData_of_isolated	Concentricity/FlipWeld.lean:216	theorem	MOR-winding	stem	proved	At an interior obstruction parameter t with obstruction-free windows on both sides, ∃ d : CrossingData γ with d.t = t — Def 5.2's one-sided limits exist; tameness automatic on the stem.	THE EXISTENCE ROW: Def 5.2 clause 3 ('not tame') empty at isolated stem crossings; flip/bounce dichotomy total.
crossingData_of_finite_obstruction	Concentricity/FlipWeld.lean:234	theorem	MOR-winding	stem	proved	Finite obstructionSet γ: every interior obstruction parameter ((γ t).im = 0, 0 < t < 1) carries ∃ d : CrossingData γ, d.t = t.	finite-obstruction corollary of crossingData_of_isolated.
stemSignature_eq_circularSignature	Concentricity/FlipWeld.lean:246	theorem	MOR-winding	stem	proved	stemSignature γ ξ = circularSignature (fun l => Real.sign (γ (ξ l)).re) — definitional bridge (rfl).	pins SigmaE3's Def 5.7 rendering to the circular-signature engine.
circularSignature_int_parity	Concentricity/FlipWeld.lean:257	theorem	MOR-winding	generic	proved	If each of m signs is ±1, circularSignature signs = k for an integer k with |k| ≤ m and (m + |k|) % 2 = 0 — the alternating unit-sign sum's integer skeleton.	Def 5.19 integer skeleton; parity clause underwrites Cor 5.21's even hypothesis (FLAGS item 3).
stemSignature_int_parity	Concentricity/FlipWeld.lean:290	theorem	MOR-winding	stem	proved	If (γ (ξ l)).re ≠ 0 for all l, stemSignature γ ξ is an integer k with |k| ≤ m and parity matching m.	Def 5.7's signature over nonzero real crossing values.
stemSignature_ne_zero_of_odd_flips	Concentricity/FlipWeld.lean:301	theorem	MOR-winding	stem	proved	Odd m with nonzero real crossing values forces stemSignature γ ξ ≠ 0 — zero is even-parity.	Def 5.7 closing clause read against the parity skeleton.
stemSignature_eq_neg_one_of_odd	Concentricity/FlipWeld.lean:316	theorem	MOR-winding	stem	proved	Odd m, nonzero real crossing values, and stemSignature ∈ {0,-1} force stemSignature γ ξ = -1.	Cor 5.13 criterion packaging (verbatim quote in docstring): criterion + odd flips ⇒ σ = −1.
arc_one_band	Concentricity/FlipWeld.lean:334	theorem	MOR-winding	stem	proved	For a lift γ' (exp∘γ' = γ) and (s,t) with (γ u).im ≠ 0 inside, ∃ j : ℤ with jπ < (γ' u).im < (j+1)π throughout — each big arc lives in ONE rung band.	routes through lift_height_pi_iff + arc_band_confined (SigmaE3, Props 5.5/5.6 conservation).
CrossingData.eventually_im_ne_left	Concentricity/FlipWeld.lean:389	theorem	MOR-winding	stem	proved	∀ᶠ u in nhdsWithin d.t (Iio d.t), (γ u).im ≠ 0 — the crossing's left germ lives off ℝ.	one-sided data of CrossingData are off-axis germs.
CrossingData.eventually_im_ne_right	Concentricity/FlipWeld.lean:396	theorem	MOR-winding	stem	proved	∀ᶠ u in nhdsWithin d.t (Ioi d.t), (γ u).im ≠ 0 — right germ twin.	right twin of eventually_im_ne_left.
CrossingData.eventually_above_iff_left	Concentricity/FlipWeld.lean:405	theorem	MOR-winding	stem	proved	With lift γ', (γ' d.t).im = jπ and 0 < d.t: eventually-above-the-rung on the left ↔ d.sLeft = (-1)^j.	band-side readout via crossing_band_ledger (SigmaE3 — Prop 5.8's mechanism).
CrossingData.eventually_above_iff_right	Concentricity/FlipWeld.lean:421	theorem	MOR-winding	stem	proved	With lift γ', (γ' d.t).im = jπ and d.t < 1: eventually-above-the-rung on the right ↔ d.sRight = (-1)^j.	right band-side readout.
CrossingData.eventually_below_iff_right	Concentricity/FlipWeld.lean:439	theorem	MOR-winding	stem	proved	Eventually-below-the-rung on the right ↔ ¬(d.sRight = (-1)^j) — the negated ledger equation; strictness from the germ's isolation off every rung.	uses eventually_im_ne_right for the strict side.
CrossingData.bounce_conserves_band	Concentricity/FlipWeld.lean:465	theorem	MOR-winding	stem	proved	d.IsBounce: eventually-above jπ on the left ↔ eventually-above on the right — bounces conserve the side of the rung.	Def 5.2 'bounce' verbatim in docstring; chaining clause of Prop 5.8's mechanism.
CrossingData.flip_steps_band	Concentricity/FlipWeld.lean:480	theorem	MOR-winding	stem	proved	d.IsFlip: eventually-above jπ on the left ↔ eventually-below on the right — flips step to the adjacent band.	Def 5.2 'flip' verbatim in docstring; how arcs chain across a flip.
exists_flip_of_up_rung	Concentricity/FlipWeld.lean:504	theorem	MOR-winding	stem	proved	Lift height below jπ at a, above at b, finite obstruction set: ∃ d : CrossingData γ with a < d.t < b and d.IsFlip — the csInf first-crossing flip producer, ascending face.	THE FLIP PRODUCER: height cannot change bands without a flip; csInf argument.
CrossingData.ofConj	Concentricity/FlipWeld.lean:662	def	MOR-winding	stem	def	Transports d : CrossingData (conjLoop γ) to CrossingData γ with the SAME t and NEGATED one-sided signs — the direction field flips with the mirror.	crossing-data transport across conjugation.
CrossingData.ofConj_isFlip	Concentricity/FlipWeld.lean:692	theorem	MOR-winding	stem	proved	d.IsFlip → d.ofConj.IsFlip — the mirror preserves flips (opposite-signs is symmetric).	carries the descending face back to γ.
exists_flip_of_rung_between	Concentricity/FlipWeld.lean:703	theorem	MOR-winding	stem	proved	Lift height on opposite sides of rung jπ at a and b (either direction), finite obstruction set: ∃ flip d with a < d.t < b — the flip producer, both faces.	descending face rides the ascending one via conjLoop (height negates, j ↦ −j).
exists_interior_flip_of_stemWinding_ne_zero	Concentricity/FlipWeld.lean:754	theorem	MOR-winding	stem	proved	Closed nonvanishing stem loop, finite obstruction set, stemWinding γ ≠ 0: ∃ d : CrossingData γ with 0 < d.t < 1 and d.IsFlip.	Cor 5.13 at NONEMPTY obstruction set, contrapositive face; via winding_height_shift + floor rung selection.
stemWinding_eq_zero_of_no_interior_flip	Concentricity/FlipWeld.lean:821	theorem	MOR-winding	stem	proved	Closed nonvanishing loop, finite obstruction set, no interior flips ⇒ stemWinding γ = 0.	contrapositive of the flip producer.
ASection.crossing_sign_rigid	Concentricity/FlipWeld.lean:986	theorem	MOR-winding	stem	proved	At real x ≠ pole with F x ≠ 0: 0 < ((x−pole)·F x).re · (x^m·R x).re — the crossing sign equals the sign of the REAL-divisor part.	CROSSING-SIGN RIGIDITY: Def 5.7 σ-inputs computed by real divisor + pole alone; via c3_factorization.
ASection.crossing_sign_const_between	Concentricity/FlipWeld.lean:1035	theorem	MOR-winding	stem	proved	On [x₁,x₂] avoiding the pole and zeros of F: 0 < (F y₁).re·(F y₂).re for any y₁,y₂ inside — ONE crossing sign per real divisor-free gap (IVT).	σ-inputs constant between consecutive real-divisor points; only positional info survives.
ASection.rect_value_flip	Concentricity/FlipWeld.lean:1082	theorem	MOR-winding	stem	proved	A rectangle trapping ≥ 1 enumerated zero (interior via hframe/hs), value loop Γ = F ∘ rectLoop with FINITE obstructionSet Γ: ∃ interior flip d on Γ (0 < d.t < 1, d.IsFlip).	THE DIVISOR PRODUCES FLIPS; finiteness of T is a hypothesis (receipt residual (α)); uses stemWinding_F_rectLoop (WeldW12).
ASection.degenerate_stretch_pins_band	Concentricity/InboxWire.lean:258	theorem	MOR-winding	mixed	proved	Along a stretch where A∘z rides the negative reals, EVERY continuation γ' has ∃k: im γ' frozen at (2k+1)π and re γ' = log‖A.F(z t)‖ — band pinned, only the level moves.	pointwise dual of the placement sentence: along a degenerate stretch all motion is in the level; feeds exp_eq_neg_real_iff + odd_rung_rigidity
stemWinding_eq_zero_of_offReal	Concentricity/InboxWire.lean:305	theorem	MOR-winding	stem	proved	A value loop γ (γ0 = γ1) with im(γ t) ≠ 0 for all t has stemWinding γ = 0.	[INBOX] GPV Cor 4.4 winding clause; {im≠0} fed into stemWinding_eq_zero_of_slitPlane (SigmaE3)
offReal_loop_every_branch_closes	Concentricity/InboxWire.lean:316	theorem	MOR-winding	stem	proved	Along a loop missing the reals, every continuation γ' (exp∘γ' = γ) closes: γ' 1 = γ' 0.	GPV Cor 4.4 closure clause: 'every Γ_k is a loop'; via stemWinding_eq_zero_iff + winding_loop_closed
ASection.offReal_value_loop_closes	Concentricity/InboxWire.lean:341	theorem	MOR-winding	mixed	proved	If A's value loop misses the reals then (i) the domain loop already missed the reals (real_on_real) and (ii) every branch of log A along it closes.	shadow honesty of def:section-map 'A(ℝ) ⊆ ℝ' for GPVwind Rem 2.1; open behaviour concentrated on real-value crossings
ASection.two_level_apparatus	Concentricity/IntegrateTheorem.lean:446	theorem	MOR-winding	mixed	proved	Under (sphereZero n).re < (sphereZero m).re: class coincidence ∧ W2(d) counting pair (wall β, trapping rectangles, stemWinding = trapped count ≥1 each side) ∧ crossing-sign rigidity on the great circle.	Mode B feed record for the contradiction drive; old-total class conjunct + stem counting/rigidity conjuncts.
Octonion.lift_loop_level_closes	Concentricity/LogManifold.lean:231	theorem	MOR-winding	domain-H1	proved	Along a closed octonionic value path (gamma 0 = gamma 1), every pointwise log-lift closes in the level: re(Gamma' 1) = re(Gamma' 0).	Octonionic twin of winding_loop_defect_level_zero: all multiplicity in the winding direction, none in the level.
Octonion.IsLoopLift.level_periodic	Concentricity/LogManifold.lean:750	theorem	MOR-winding	domain-H1	proved	re (Llog (Gamma (y + 2pi))) = re (Llog (Gamma y)) - the level of the cover lift is 2pi-periodic (itself a loop) even when Gamma winds.	Cover twin of winding_loop_defect_level_zero: winding climbs rungs (band data), level descends to the circle.
winding_defect_lift_independent	Concentricity/LoopAssembly.lean:59	theorem	MOR-winding	stem	proved	Any two log-continuations γ₁, γ₂ of one nonvanishing path γ have equal endpoint defect: γ₁1 − γ₁0 = γ₂1 − γ₂0.	The defect is the loop's, not the lift's — well-definedness of the winding datum; via winding_lift_unique (Toolkit).
exp_fibre_height_band	Concentricity/LoopAssembly.lean:172	theorem	MOR-winding	stem	proved	Two fibre points w₁, w₂ over −r have w₁.re = w₂.re and w₁ − w₂ = k·2πi for some k : ℤ.	Level equal EXACTLY; difference is band data only (odd winding indices as band data, master lem:exp-degenerate/def:base).
ASection.normalizedZero_pole_winding	Concentricity/NormalizedPoleBridge.lean:18	theorem	MOR-winding	mixed	proved	label = (sphereZero n).re ∧ ∃ radii: for small ε₁ ε₂ there are loops Γz (C3 zero loop of A.F) and Γp (C1 pole loop) with Γz·Γp nonvanishing, closed, stemWinding = multiplicity − 1.	Stem content + normalizedZero label clause; rides stemWinding_circle_sphereZero/_pole, stemWinding_mul (SigmaE3).
ASection.circleIntegral_mul_logDeriv	Concentricity/PairingE2.lean:473	theorem	MOR-winding	stem	proved	For a closed disk in the upper half-plane with boundary off the divisor and g analytic on it: ∮ g·logDeriv F = 2πi · Σ_{k∈s} g(sphereZero k) over the trapped indices.	THE finite-contour residue ledger — argument-principle instance derived from C3, not a general residue theorem (pin has none).
ASection.circleIntegral_liKernel_logDeriv	Concentricity/PairingE2.lean:623	theorem	MOR-winding	stem	proved	∮ liKernel n a β · logDeriv F = 2πi · Σ_{k∈s} liKernel n a β (sphereZero k) on admissible upper-half disks: the kernel instance of the ledger.	Two-index pairing (kernel n, divisor k) in integral form; kernel analytic off the real axis.
ASection.circleIntegral_mul_logDeriv_halfSpace	Concentricity/PairingE2.lean:644	theorem	MOR-winding	stem	proved	On closed disks inside {Re > Ω₀}, ∮ g·logDeriv F = 0 for any g analytic on the disk: the zero-free half-space traps nothing (Cauchy–Goursat).	Boundary case of the ledger — value register with empty domain register.
ASection.head_kernel_sum_eq_circleIntegral_re	Concentricity/PairingE2.lean:710	theorem	MOR-winding	stem	proved	Σ_{k∈s} 2·Re(liKernel n a β (sphereZero k)) = Re((πi)⁻¹ · ∮ liKernel·logDeriv F): the doubled real-part head sum is the normalized contour pairing's real part.	Ledger readout in the ladder's real coordinates.
ASection.liSum_eq_lim_circleIntegral_re	Concentricity/PairingE2.lean:738	theorem	MOR-winding	stem	proved	Along any exhausting family of admissible upper-half disks, Re((πi)⁻¹·∮ liKernel·logDeriv F) → A.liSum a β n: liSum is the limit of contour pairings.	The D4 readout — the domain side of D2's iff in the VALUE register.
ASection.exists_liSum_contour_representation	Concentricity/PairingE2.lean:876	theorem	MOR-winding	stem	proved	For every A, a, β, n there exists an exhausting disk family along which the normalized K-weighted circle pairings of logDeriv F converge to liSum a β n.	Capstone: every BL-ladder kernel sum has an unconditional contour representation.
stemWinding_spec	Concentricity/SigmaE3.lean:86	theorem	MOR-winding	stem	proved	For nonvanishing closed γ and any lift γ' (exp∘γ' = γ): γ'1 − γ'0 = (stemWinding γ)·2πi.	Every lift computes the winding; via winding_defect_lift_independent (LoopAssembly).
stemWinding_eq_of_lift	Concentricity/SigmaE3.lean:98	theorem	MOR-winding	stem	proved	If some lift γ' of nonvanishing closed γ has defect k·2πi then stemWinding γ = k.	Uniqueness/computation rule; workhorse for all counting rows below.
stemWinding_eq_zero_iff	Concentricity/SigmaE3.lean:119	theorem	MOR-winding	stem	proved	stemWinding γ = 0 ↔ ∃ lift γ' with exp∘γ' = γ and γ'1 = γ'0 — a closed lift exists iff the winding vanishes.	Cor 5.13 closure clause, stem-honest (verbatim quote in docstring); DERIVED R10; octonionic σ-criterion stays a recorded GAP.
stemWinding_const	Concentricity/SigmaE3.lean:139	theorem	MOR-winding	stem	proved	stemWinding of the constant loop at c ≠ 0 is 0.	Base case for the multiplicative engine.
stemWinding_mul	Concentricity/SigmaE3.lean:153	theorem	MOR-winding	stem	proved	stemWinding (γ₁·γ₂) = stemWinding γ₁ + stemWinding γ₂ for nonvanishing closed loops — lifts add along exp.	The integration-free argument-principle engine; every §B/§D counting row rides it.
stemWinding_pow	Concentricity/SigmaE3.lean:175	theorem	MOR-winding	stem	proved	stemWinding (γ^N) = N · stemWinding γ for nonvanishing closed γ.	Induction over stemWinding_mul.
stemWinding_inv	Concentricity/SigmaE3.lean:197	theorem	MOR-winding	stem	proved	If δ t = (γ t)⁻¹ pointwise for nonvanishing closed γ, then stemWinding δ = −stemWinding γ.	Via the product with the constant-1 loop.
stemWinding_eq_zero_of_slitPlane	Concentricity/SigmaE3.lean:213	theorem	MOR-winding	stem	proved	A closed loop with values in Complex.slitPlane winds 0 — Complex.log is the single-valued lift.	Slit-plane vanishing row.
stemWinding_eq_zero_of_near_const	Concentricity/SigmaE3.lean:229	theorem	MOR-winding	stem	proved	A closed loop with ‖γ t − w‖ < ‖w‖ for all t (w ≠ 0) winds 0.	The Rouché-zero row; kills the unit factor in the local argument principle.
stemWinding_circleLoop_sub_center	Concentricity/SigmaE3.lean:285	theorem	MOR-winding	stem	proved	The centred factor δ t = circleLoop c ε t − c (ε > 0) has stemWinding δ = 1, by the explicit lift log ε + 2πit.	The model loop winds once; per-power unit of the local argument principle.
ASection.stemWinding_circle_sphereZero	Concentricity/SigmaE3.lean:348	theorem	MOR-winding	stem	proved	∃ ε₀ > 0 (< im ρ): for all 0 < ε ≤ ε₀ the value-loop Γ t = A.F(circleLoop (sphereZero n) ε t) is nonvanishing, closed, and stemWinding Γ = the fiber tally at n.	Local argument principle at a zero, integration-free: C3 peel stem_local_form + _mul/_pow + Rouché-zero row. Divisor as output (R4).
ASection.sigma_level_separation	Concentricity/SigmaE3.lean:467	theorem	MOR-winding	stem	proved	If re(sphereZero n) < re(sphereZero m): ∃ β strictly between, ∃ ε > 0 with the n-circle strictly left and m-circle strictly right of Re = β, and both value-loops winding ≥ 1.	Level separation feed for the σ-crossing drive; combines stemWinding_circle_sphereZero at both indices.
stemSignature	Concentricity/SigmaE3.lean:623	def	MOR-winding	stem	def	stemSignature γ ξ = ∑_{l : Fin m} sign((γ (ξ l)).re) · (−1)^{l+1} — the alternating flip sum over an enumerated flip list.	GPVwind Def 5.7 (σ), verbatim in docstring; 0-based Fin m hence exponent l+1; DERIVED R10.
stemSignature_no_flips	Concentricity/SigmaE3.lean:628	theorem	MOR-winding	stem	proved	stemSignature γ ξ = 0 when the flip list is empty (Fin 0).	Def 5.7's closing clause: no flips ⇒ σ := 0.
intervalSign	Concentricity/SigmaE3.lean:639	def	MOR-winding	stem	def	intervalSign γ s e = 1 if 0 ≤ re(γ u) on [s,e], else −1 — the sign of an obstruction interval.	GPVwind Defs 5.15/5.16 rendering on re, verbatim quotes; DERIVED R10.
circularSignature	Concentricity/SigmaE3.lean:649	def	MOR-winding	generic	def	circularSignature signs = ∑_{l : Fin m} signs l · (−1)^{l+1} — the alternating sum over interval-sign inputs.	GPVwind Def 5.19 (σᶜ); quantifies over bare Fin m → ℝ sign inputs; printed anomalies flagged in SOURCES.
stemSignature_const_sign	Concentricity/SigmaE3.lean:654	theorem	MOR-winding	stem	proved	If every flip value has sign s, stemSignature = 0 (even count) or −s (odd count).	The constant-sign alternating collapse.
stemSignature_mem_of_pos	Concentricity/SigmaE3.lean:674	theorem	MOR-winding	stem	proved	With every flip value on the positive reals, stemSignature γ ξ ∈ {0, −1}.	Cor 5.13's admissible-set criterion auto-passes at positive crossings.
lift_height_pi_iff	Concentricity/SigmaE3.lean:689	theorem	MOR-winding	stem	proved	(γ t).im = 0 ↔ ∃ j : ℤ, (γ' t).im = jπ, for any lift γ' of γ — lift height is an integer π-rung exactly over the obstruction set.	The rungs row: rungs = obstruction set.
arc_band_confined	Concentricity/SigmaE3.lean:705	theorem	MOR-winding	stem	proved	Along an arc with im(γ u) ≠ 0 throughout, the lift's height never crosses any rung jπ: endpoints sit on the same side of every jπ.	Props 5.5/5.6's conservation mechanism; IVT.
crossing_height_odd_of_neg	Concentricity/SigmaE3.lean:730	theorem	MOR-winding	stem	proved	At a crossing with re(γ t) < 0, im(γ t) = 0, any lift's height is (2k+1)π.	lem:exp-degenerate band parity, negative side; via exp_eq_neg_real_iff.
crossing_height_even_of_pos	Concentricity/SigmaE3.lean:746	theorem	MOR-winding	stem	proved	At a crossing with re(γ t) > 0, im(γ t) = 0, any lift's height is 2kπ.	Band parity, positive side.
band_side_of_sign	Concentricity/SigmaE3.lean:779	theorem	MOR-winding	stem	proved	For exp w = v within one rung-band |im w − jπ| < π and sign(im v) = s ∈ {±1}: jπ < im w ↔ s = (−1)^j.	Pointwise band-side reading — the parity twist of sin across rungs.
crossing_band_ledger	Concentricity/SigmaE3.lean:849	theorem	MOR-winding	stem	proved	At a crossing datum whose lift height is rung jπ, eventually on each one-sided approach: (jπ < im γ' u) ↔ (side sign = (−1)^j).	Prop 5.8's mechanism: flips step the band, bounces conserve it; consumes band_side_of_sign + CrossingData.
winding_height_shift	Concentricity/SigmaE3.lean:879	theorem	MOR-winding	stem	proved	For nonvanishing closed γ and any lift: im(γ' 1) − im(γ' 0) = stemWinding γ · 2π.	Cor 5.21's stem accounting (verbatim quote, even-hypothesis flagged): height shift = 2π per winding unit; DERIVED R10.
ASection.stemWinding_circle_pole	Concentricity/SigmaE3.lean:895	theorem	MOR-winding	stem	proved	∃ ε₀ > 0: for 0 < ε ≤ ε₀ the value-loop along circleLoop (A.pole) ε is nonvanishing, closed, and stemWinding = −1.	Local argument principle at the pole: c1_simple (order −1) through meromorphicOrderAt_eq_int_iff; the divisor's pole entry.
ASection.ledger_orderAt_zero	Concentricity/StemFactorization.lean:813	theorem	MOR-winding	stem	proved	meromorphicOrderAt (F′/F) (A.sphereZero n) = −1 — the continued log-derivative has a simple pole at each enumerated zero, regardless of multiplicity.	B2.1 per-zero order; residue-API caveat: rendered via meromorphicOrderAt (pin has no residue function).
ASection.ledger_residueAt_zero	Concentricity/StemFactorization.lean:826	theorem	MOR-winding	stem	proved	meromorphicTrailingCoeffAt (F′/F) (A.sphereZero n) = (Nat.card fiber : ℂ) — the per-zero residue equals the multiplicity tally in the enumeration.	STRICTLY per-zero (author's fence); any summed residue statement waits with B2.2.
ASection.negation_winding_configuration	Concentricity/SynthesisE6.lean:154	theorem	MOR-winding	stem	proved	¬(∃ c, all levels = c) yields zeros n, m at distinct levels, a line Re = β strictly between, circle contours left/right, value-windings ≥ 1 both sides, and BOTH side loops with no closed lift.	ROW B (E4 × E3); Cor 5.13's criterion fails on each side; via sigma_level_separation + stemWinding_eq_zero_iff.
ASection.zero_pole_pair_winding	Concentricity/SynthesisE6.lean:197	theorem	MOR-winding	stem	proved	For small ε₁, ε₂: the pointwise product of the value-loop around A.sphereZero n with the value-loop around the pole is nonvanishing, closed, and winds exactly (fiber tally) − 1.	ROW C: stemWinding_mul (lifts add along exp); zero's +tally meets the witness 𝔫's −1 from c1_simple.
ASection.zero_pole_pair_closes_through_witness	Concentricity/SynthesisE6.lean:228	theorem	MOR-winding	stem	proved	At fiber tally 1: each of the zero-loop and pole-loop is obstructed alone (no closed lift), yet their product admits a closed lift (winding 1 − 1 = 0).	ROW C′: the assembled pair closes exactly through the witness N; stemWinding_eq_zero_iff forward.
winding_loop_defect	Concentricity/Toolkit.lean:343	theorem	MOR-winding	stem	proved	Along a loop (gamma 0 = gamma 1), any log-continuation gamma' has endpoint defect gamma' 1 - gamma' 0 = k * 2 pi i for some k : Z - the winding-number frame of prop:winding-signature(ii)/(iii).	Docstring records GAP: sigma/sigma-c apparatus (GPVwind Def 5.2/5.7/5.15/5.19) unbuilt, so Cor 5.13's closure clause is not rendered here.
ASection.stemWinding_c2_factor	Concentricity/WeldW12.lean:213	theorem	MOR-winding	stem	proved	For any loop gamma in the half-space Omega0 < re and Gamma t = exp(A.l p (gamma t)): stemWinding Gamma = 0 — each Euler factor's value-loop winds zero.	W1(a) weld: GPV winding welded to C2 member-by-member; explicit closed lift l_p compose gamma.
ASection.stemWinding_F_halfSpace	Concentricity/WeldW12.lean:238	theorem	MOR-winding	stem	proved	For any loop gamma with Omega0 < (gamma t).re and Gamma t = A.F (gamma t): stemWinding Gamma = 0 — the section's value-loops wind zero on C2's half-space.	THE W1 MASTER ROW; Euler sum is the global lift (c2_euler); right wall winding-inert.
stemWinding_eq_of_homotopy	Concentricity/WeldW12.lean:358	theorem	MOR-winding	stem	proved	A continuous H : I x I -> C, nowhere zero, with each H(s,-) a loop: the boundary loops gamma0 = H(0,-) and gamma1 = H(1,-) have equal stemWinding.	GPVwind Def 4.20 stem-rendered; IsCoveringMap.liftHomotopy over exp; defect in 2*pi*i*Z lattice.
stemWinding_comp_eq_zero_of_convex	Concentricity/WeldW12.lean:483	theorem	MOR-winding	stem	proved	g continuous and nonvanishing on convex K, gamma a loop in K, Gamma t = g(gamma t): stemWinding Gamma = 0 — convex-carrier composites wind zero.	W2(d) engine; contraction to basepoint pushed through g; retires unit factors and complement.
stemWinding_eq_of_common_halfPlane	Concentricity/WeldW12.lean:529	theorem	MOR-winding	stem	proved	Two loops gamma1, gamma2 with pointwise witness c(t) s.t. re(c*gamma1) > 0 and re(c*gamma2) > 0 have equal stemWinding.	Half-plane comparison; quotient loop in slitPlane winds zero; no continuity of c required.
stemWinding_eq_zero_of_halfPlane	Concentricity/WeldW12.lean:576	theorem	MOR-winding	stem	proved	A loop gamma confined to one open half-plane through 0 (constant witness c, re(c*gamma t) > 0) has stemWinding gamma = 0.	W2(d) bookkeeping; compare with constant loop conj(c).
stemWinding_finset_prod	Concentricity/WeldW12.lean:599	theorem	MOR-winding	stem	proved	stemWinding of a finite pointwise product of nonvanishing loops equals the sum of the stemWindings (finset form of stemWinding_mul).	Integration-free argument principle's summation layer.
stemWinding_phaseLoop	Concentricity/WeldW12.lean:833	theorem	MOR-winding	stem	proved	stemWinding phaseLoop = 1 — the model circle winds once, via the explicit lift t |-> i(2*pi*t - 3*pi/4).	Model winding for the rectangle comparison.
stemWinding_rectLoop_sub_interior	Concentricity/WeldW12.lean:855	theorem	MOR-winding	stem	proved	For w in openRect and delta t = rectLoop t - w: stemWinding delta = 1 — the boundary winds exactly once about every interior point.	THE RECTANGLE MODEL ROW; integral- and homotopy-free via half-plane comparison with phaseLoop.
ASection.stemWinding_F_rectLoop	Concentricity/WeldW12.lean:1001	theorem	MOR-winding	stem	proved	Upper-half rectangle (0 < y1), no enumerated zero on the frame, s the trapped finset, Gamma t = A.F(rectLoop t): stemWinding Gamma = s.card.	THE COUNTING WELD W2(d): winding of value-loop = trapped divisor count; consumes eq_head_mul_complement (Weierstrass split).
ASection.stemWinding_F_stripRect	Concentricity/WeldW12.lean:1158	theorem	MOR-winding	stem	proved	Strip-spanning rectangle (x1 < betalo, Omega0 < x2, horizontal lines off divisor heights): stemWinding Gamma = s.card and s is exactly the full height window y1 < Im < y2.	Class-wide N(T) row; vertical frame conditions automatic from the two zero-free walls.
ASection.stemWinding_F_leftRegion	Concentricity/WeldW12.lean:1191	theorem	MOR-winding	stem	proved	Loops gamma in {Im > 0, Re < betalo} (zero-free left region) with Gamma t = A.F(gamma t): stemWinding Gamma = 0.	W2(c) companion, left twin of stemWinding_F_halfSpace; convex-carrier row on the left region.
ASection.counting_pair_of_two_levels	Concentricity/WeldW12.lean:1230	theorem	MOR-winding	stem	proved	Two enumerated zeros at distinct re-levels: exists beta strictly between and two admissible rectangles left/right of Re=beta, each trapping >=1 zero, each value-loop winding exactly its trapped count.	Sect-F drive; docstring VERDICT: missing producer = eq:placement-set / exists-beta two-sided; frames picked off countable coordinate sets.
ASection.sphereLoop_crossing_isEmpty	Concentricity/WeldW3.lean:316	theorem	MOR-winding	stem	proved	IsEmpty (CrossingData (circleLoop (A.sphereZero n) ε)) for 0 < ε < (sphereZero n).im — no flips, no bounces on the stem carrier.	over ASection; the stem carrier stays strictly in the upper half-plane.
ASection.sphereLoop_sigma_c_zero	Concentricity/WeldW3.lean:327	theorem	MOR-winding	stem	proved	Any flip enumeration for the sphere loop has m = 0, circularSignature signs = 0, and Even m — Def 5.19's closing clause holds.	σᶜ = 0 with even parity; Cor 5.21's even hypothesis (FLAGS item 3) holds.
ASection.sphereLoop_domain_winding_zero	Concentricity/WeldW3.lean:348	theorem	MOR-winding	stem	proved	stemWinding (circleLoop (A.sphereZero n) ε) = 0 — the domain loop winds 0 about the value-origin (Cor 5.21 read: ω = |σᶜ|/2 = 0).	via stemWinding_eq_zero_of_slitPlane (SigmaE3); ALL winding is in the VALUE loop (weld d).
ASection.sphereLoop_value_band	Concentricity/WeldW3.lean:425	theorem	MOR-winding	stem	proved	∃ ε₀ > 0: for 0 < ε ≤ ε₀ the value loop Γ = F∘circleLoop(sphereZero n) has EVERY log-lift closing in re and shifting im by exactly (fiber tally)·2π.	WELD (c): level conserved, winding is band data; via winding_loop_defect_level_zero (LoopAssembly) + winding_height_shift (SigmaE3).
ASection.sphereLoop_value_winding	Concentricity/WeldW3.lean:487	theorem	MOR-winding	mixed	proved	∃ ε₀: for ε ≤ ε₀ there is a value loop Γ with realize = sliceEmbed v ∘ Γ, Γ ≠ 0, closed, stemWinding Γ = fiber tally of the n-th enumerated zero, and 1 ≤ stemWinding Γ.	WELD (d): the value winding IS the enumerated divisor's tally ≥ 1; welds stemWinding_circle_sphereZero (SigmaE3 §B) to the octonionic loop.
stemWinding_pos_meets_neg_real	Concentricity/WeldW3.lean:519	theorem	MOR-winding	stem	proved	Closed nonvanishing stem loop with stemWinding ≥ 1: ∃ t and r > 0 with γ t = -(r : ℂ) — a winding value-loop MUST meet the negative reals.	the real-axis obstruction as a theorem; IVT on the lift's height across an odd rung (2k+1)π.
ASection.two_center_disjoint_counts	Concentricity/WeldW4.lean:106	theorem	MOR-winding	stem	proved	Two zeros at distinct levels: beta, two admissible rectangles left/right of Re=beta each trapping >=1 zero, value-loops winding exactly their counts, and the two trapped finsets DISJOINT with additive card.	W4 sect-A counting step; counting_pair_of_two_levels + openRect_disjoint_of_le; two-center configuration.
ASection.two_center_winding_onto_one_band	Concentricity/WeldW4.lean:165	theorem	MOR-winding	stem	proved	eps-circles about the two zeros stay left/right of Re=beta, each value-loop winds >=1 and admits NO closed lift; pole circle winds -1; composite Theta = Gn*Gm*Gp^(wn+wm) winds 0, has a closed lift, every lift closes, lifts unique.	W4 sect-B closure step; DIAG-poleN content (C1 cone factor annihilates); sigma_level_separation + stemWinding_circle_pole + winding_lift_unique.
Base	Concentricity/Base.lean:42	def	OBJ-base	old-total	def	Base := Discrete ℝ × SingleObj G2 — the static base: one object per real level with G2 direction automorphisms, no cross-level morphisms.	The static substitute base; file on the delete list per project memory; category instance at 44 (boilerplate).
TotalObject.ofLevel	Concentricity/Base.lean:91	def	OBJ-base	old-total	def	The canonical object of 𝒯 over a real level r.	
TotalObject.eq_ofLevel	Concentricity/Base.lean:111	theorem	OBJ-base	old-total	proved	X = ofLevel (level X) — every object is the canonical object of its level (single-object fibres).	rfl (structure eta).
ASection.anchor	Concentricity/ConcentricityReadout.lean:139	def	OBJ-base	old-base	def	anchor A : A.Base := the circle point Ω0+1, non-singular from C2 alone (finite; nonzero since the value is the Euler exponential).	The Ω0-side non-singular footpoint; typed over A.Base {σ // NonSingular} (ConnectedBase).
ASection.NonSingular	Concentricity/ConnectedBase.lean:77	def	OBJ-base	old-base	def	Prop: Fstar (circleEmbed σ) ≠ ∞ ∧ ≠ ↑0 — the circle point is off the pole and the real zeros.	The defining predicate of the contaminated A.Base.
ASection.Base	Concentricity/ConnectedBase.lean:83	def	OBJ-base	old-base	def	Type := {σ : OnePoint ℝ // A.NonSingular σ} — #3, the base: the non-singular circle points.	CONTAMINATED per typed-over rule; excludes the pole and real zeros from the carrier.
ASection.NormalizedCircleBase	Concentricity/NormalizedBase.lean:19	abbrev	OBJ-base	old-total	def	NormalizedCircleBase := BaseC — the full compactified great-circle base OnePoint ℝ including N, no finite/nonzero restriction.	Abbrev of TransportObject's BaseC (thin substitute base, purge list); carrier is OnePoint ℝ.
Octonion.ofReal	Concentricity/Octonion.lean:101	def	OBJ-base	domain-H1	def	ofReal r = ((r : Quaternion R), 0) — the real embedding R -> O through the first quaternion component.	the finite real axis in O: the base great circle's finite part lives in its image
GreatCircle.Point	Concentricity/ProjectiveBase.lean:30	abbrev	OBJ-base	locked-base	def	Point := OnePoint ℝ — the object carrier: the compactified real great circle.	LOCKED base carrier; section-independent.
GreatCircle.Base	Concentricity/ProjectiveBase.lean:58	abbrev	OBJ-base	locked-base	def	Base := ActionCategory Aut Point — the base groupoid 𝒷 = PGL(2,ℝ) ⋉ OnePoint ℝ.	THE LOCKED base groupoid; analytic data enters only with the indexed section functor per header.
ASection.GpvBase	Concentricity/Recovery.lean:266	structure	OBJ-base	old-base	def	Wrapper structure with one field point : A.Base - the GPV-enriched objects are exactly the non-singular great-circle points, kept separate from the older winding groupoid.	Wraps old-base A.Base ({sigma // NonSingular}, ConnectedBase.lean) - contaminated typing; not the locked GreatCircle.Base.
Octonion.eq_ofReal_of_im_eq_zero	Concentricity/Slice.lean:90	theorem	OBJ-base	domain-H1	proved	im x = 0 → x = ofReal (re x): vanishing imaginary part characterizes the real axis.	The real-axis (base circle finite part) characterization inside O.
BaseC	Concentricity/TransportObject.lean:40	def	OBJ-base	old-total	def	BaseC := OnePoint ℝ — 𝓑^𝔫, the compactified base: levels ℝ + the point at infinity, def-wrapped so no ambient instances leak.	The thin substitute base; on the purge list per project memory; consumed by NormalizedBase footpoints.
BaseC.lvl	Concentricity/TransportObject.lean:54	def	OBJ-base	old-total	def	ℝ → BaseC := OnePoint.some — a finite level as an object of 𝓑^𝔫.	
TotalTransport.ofBase	Concentricity/TransportObject.lean:94	def	OBJ-base	old-total	def	The canonical object over a base point x : BaseC (single band object per fibre).	
H1.of	Concentricity/TwoWorlds.lean:125	def	OBJ-base	domain-H1	def	H1.of (x : OnePoint Octonion) : H1 — the canonical object of 𝓗₁ (ActionCategory G2 (OnePoint Octonion)) over a point of 𝕆*.	domain-groupoid object over ALL of 𝕆* (incl. N), not only the base circle
ASection.pole	Concentricity/ASection.lean:63	field	OBJ-poleN	stem	def	pole : ℝ — C1 datum: the one pole's location, at a real point.	C1; the real point whose compactified value is ∞ = N.
ASection.c1_analyticAt	Concentricity/ASection.lean:66	field	OBJ-poleN	stem	def	∀ z ≠ (pole : ℂ), AnalyticAt ℂ F z — C1: meromorphic continuation with exactly one pole.	
ASection.c1_simple	Concentricity/ASection.lean:70	field	OBJ-poleN	stem	def	meromorphicOrderAt F (pole : ℂ) = −1 — C1: the pole is simple; value ∞ = N is the compactified reading (rmk:two-poles).	
ASection.valueAtInfinity	Concentricity/ASection.lean:196	field	OBJ-poleN	carrier	def	valueAtInfinity : OnePoint ℂ — the compactified value at ∞ = N, data of the section as a map on 𝕆* that the stem alone does not determine (rmk:compactify).	Docstring: fixed by continuation through ∞; no in-file clause links it to a limit/chart of F (see gaps).
ASection.valueAtInfinity_real	Concentricity/ASection.lean:201	field	OBJ-poleN	carrier	def	∀ z, valueAtInfinity = (z : OnePoint ℂ) → z.im = 0 — the value at N, when finite, is real (def:section-map(ii): A(N) ∈ ℝ ∪ {N}).	Carried as a field per rmk:compactify; derived in the master from slice preservation of values.
ASection.eventually_ne_zero_near_pole	Concentricity/IntegrateTheorem.lean:76	theorem	OBJ-poleN	stem	proved	∃δ>0: F is nonzero at every real x≠pole with |x-pole|<δ — zero-freeness on the punctured real interval at the pole.	C1's order -1 through the meromorphic dichotomy; restricted to the great circle.
ASection.cone_tape_escape	Concentricity/IntegrateTheorem.lean:103	theorem	OBJ-poleN	stem	proved	∀M ∃δ>0: on the punctured real δ-interval at the pole, F≠0 AND M < log‖F(x)‖ — the great-circle level tape escapes at N.	rmk:collapse-cone in tape vocabulary; from pole_cone_eps_delta at ε=exp(-M).
ASection.pole_passage_level_atTop	Concentricity/LogManifold.lean:845	theorem	OBJ-poleN	stem	proved	Tendsto (fun z => log||A.F z||) (nhdsWithin (A.pole : C) punctured) atTop - at C1's simple pole the value-side level runs to +infinity.	Rides pole_cone_tendsto (LoopAssembly, C1's cone at N); the pole is the +inf end of the level line.
ASection.pole_degenerate_passages	Concentricity/LogManifold.lean:863	theorem	OBJ-poleN	stem	proved	For every M and delta > 0 there is real x /= A.pole, |x - pole| < delta, with A.F x = -(r : C), 0 < r, M < log r - degenerate encounters ON the real axis near the pole, levels above every bound.	From C1 simple-pole factorization (meromorphicOrderAt_eq_int_iff at c1_simple) + real stem (real_on_real); side chosen by sign of g(pole).
ASection.pole_passage_manifold_data	Concentricity/LogManifold.lean:1068	theorem	OBJ-poleN	mixed	proved	Within delta of the pole, on the real axis, encounter values -r with log r > M carry the full S6 x Z of E+ fibre data at the one level log r.	Mixed: stem + octonionic E+ data; pole side of mission row (d).
ASection.pole_cone_tendsto	Concentricity/LoopAssembly.lean:189	theorem	OBJ-poleN	stem	proved	Tendsto A.F (nhdsWithin A.pole {pole}ᶜ) (cobounded ℂ) — at the one simple pole the values leave every bounded set.	C1's cone at N (rmk:two-poles, rmk:collapse-cone); fed by c1_simple through the Mathlib pin tendsto_cobounded_of_meromorphicOrderAt_neg.
ASection.normalizedZero_collapse_at_N	Concentricity/NormalizedBase.lean:157	theorem	OBJ-poleN	mixed	proved	∀ R, eventually in n: ∀ I, R < norm (normalizedZeroLift n I) — past every ball, every world's realization of every high zero.	Rides InboxWire's sphereZero_norm_tendsto_atTop; the spheres crowd the compactified witness N.
ASection.NormalizedNLeg.target	Concentricity/NormalizedNLeg.lean:20	def	OBJ-poleN	carrier	def	target : NormalizedCircleBase := BaseC.nPt — the common compactified target N of every normalized witness leg.	NormalizedCircleBase abbreviates BaseC = OnePoint R (TransportObject.lean:40); nPt = OnePoint.infty; BaseC name is on the CLAUDE.md purge list — flag.
ASection.normalizedNLeg_target_is_N	Concentricity/NormalizedNLeg.lean:46	theorem	OBJ-poleN	carrier	proved	NormalizedNLeg.target = BaseC.nPt, by rfl (@[simp]).	Simp pin: every leg lands on the one compactified witness N.
ASection.pole_le_upperEdge	Concentricity/PairingE2.lean:81	theorem	OBJ-poleN	stem	proved	A.pole ≤ A.Ω₀: C1's simple pole cannot sit inside C2's zero-free half-space — Euler majorant bounds ‖F‖ on a ball at the pole against the order −1 blow-up.	C1+C2 consumed jointly; uses c2_locMajorant, c1_simple via meromorphicOrderAt_eq_int_iff.
ASection.ne_pole_of_re_gt	Concentricity/PairingE2.lean:170	theorem	OBJ-poleN	stem	proved	If A.Ω₀ < z.re then z ≠ (A.pole : ℂ): the half-space is pole-free (pointwise reading of pole_le_upperEdge).	Pointwise corollary; feeds every half-space analyticity row below.
ASection.realize_pole	Concentricity/PhiConversion.lean:514	theorem	OBJ-poleN	domain-H1	proved	A.realize (ofReal A.pole) = ∞ — the realization at the pole is the point at infinity; c1_simple forbids analyticity (meromorphicOrderAt_nonneg contradiction).	rmk:collapse-cone pole clause: 'by C1 it carries the pole point onto the single object 𝔫'
G2.smul_onePoint_infty	Concentricity/Slice.lean:317	theorem	OBJ-poleN	domain-H1	proved	g • (∞ : OnePoint Octonion) = ∞ — infinity is G2-fixed (rfl).	N is a fixed point of the compactified action.
ASection.realize_infty	Concentricity/Slice.lean:360	theorem	OBJ-poleN	domain-H1	proved	realize ∞ = OnePoint.map (z ↦ ofReal z.re) A.valueAtInfinity (rfl).	The compactified value datum at N, unfolded.
BaseC.nPt	Concentricity/TransportObject.lean:51	def	OBJ-poleN	old-total	def	BaseC := OnePoint.infty — the point at infinity 𝔫; N is REAL (on the great circle ℝ ∪ {N}).	Author's directive 2026-07-05 quoted in docstring.
TotalTransport.nObj	Concentricity/TransportObject.lean:100	def	OBJ-poleN	old-total	def	nObj := ofBase nPt — the object at 𝔫, the cone point the value-loops close through (C1).	rmk:collapse-cone cited.
zetaC_one	Concentricity/ZetaCstar.lean:39	theorem	OBJ-poleN	carrier	proved	zetaC (1 : OnePoint ℂ) = ∞ — the simple pole clause: ζ_ℂ*(1) = ∞.	The pole value ∞ at s = 1 — the compactified pole state (C1's anchor at the ζ instance).
zetaC_infty	Concentricity/ZetaCstar.lean:43	theorem	OBJ-poleN	carrier	proved	zetaC ∞ = (1 : OnePoint ℂ) — ζ_ℂ*(∞) = 1 (ζ(s) → 1 as Re s → +∞).	Value at the adjoined point ∞; rfl. Compactified behavior at infinity.
zetaO_infty	Concentricity/ZetaOctonion.lean:61	theorem	OBJ-poleN	domain-H1	proved	zetaO ∞ = (ofReal 1 : Octonion) — def:zeta_O(iv): ζ_𝕆(∞) = ζ_ℂ*(∞) = 1.	Value at N (rfl); the compactified value at infinity.
zetaO_one	Concentricity/ZetaOctonion.lean:68	theorem	OBJ-poleN	domain-H1	proved	zetaO (ofReal 1) = ∞ — def:zeta_O(iii): the simple pole at 1 is carried to ∞ = N.	rmk:domain: N is the image of the pole, not a zero — the C1 anchor at the north pole.
sliceEmbed_ne_pole	Concentricity/ZetaOctonion.lean:74	theorem	OBJ-poleN	domain-H1	proved	For v ∈ unitImaginarySphere, 0 < ζ.im: sliceEmbed v ζ ≠ ofReal 1 — a non-real slice point is not the pole point.	Pole-exclusion helper (upper-half sign).
sliceEmbed_ne_pole'	Concentricity/ZetaOctonion.lean:163	theorem	OBJ-poleN	domain-H1	proved	For v ∈ S⁶, ζ.im ≠ 0: sliceEmbed v ζ ≠ ofReal 1 — pole exclusion at any non-real coordinate, sign-free.	Sign-free variant of sliceEmbed_ne_pole.
zetaPoleUnit	Concentricity/ZetaPole.lean:38	def	OBJ-poleN	zeta	def	zetaPoleUnit = update (s ↦ (s−1)·riemannZeta s) 1 1 — the removable extension of (s−1)ζ across the pole, value 1 = the residue at 1.	The unit accompanying the simple pole; the C1 pole state's local presentation.
zetaPoleUnit_one	Concentricity/ZetaPole.lean:41	theorem	OBJ-poleN	zeta	proved	zetaPoleUnit 1 = 1 — the unit's value at the pole is the residue.	update_self row.
zetaPoleUnit_apply_of_ne	Concentricity/ZetaPole.lean:44	theorem	OBJ-poleN	zeta	proved	For s ≠ 1: zetaPoleUnit s = (s−1)·riemannZeta s.	Unfolding row off the pole.
zetaPoleUnit_analyticAt_one	Concentricity/ZetaPole.lean:51	theorem	OBJ-poleN	zeta	proved	AnalyticAt ℂ zetaPoleUnit 1 — differentiable on the punctured neighbourhood, continuous across by riemannZeta_residue_one; removable singularity.	The removable-singularity engine at the pole point.
riemannZeta_meromorphicAt_one	Concentricity/ZetaPole.lean:66	theorem	OBJ-poleN	zeta	proved	MeromorphicAt riemannZeta 1 — (z−1)²·ζ(z) equals the analytic (z−1)·zetaPoleUnit z everywhere.	Meromorphy at the pole, junk-matched at 1.
riemannZeta_orderAt_one	Concentricity/ZetaPole.lean:92	theorem	OBJ-poleN	zeta	proved	meromorphicOrderAt riemannZeta 1 = −1 — the SIMPLE pole: meromorphic order exactly −1 at 1, via the removable unit with nonzero residue value.	The ζ member's c1_simple at pole := 1 — master C1 'exactly one pole; it is simple'.
poleFactor	Concentricity/ZetaRealZeros.lean:265	def	OBJ-poleN	stem	def	poleFactor = update (s ↦ (1 − 2^(1−s))/(s−1)) 1 (log 2) — the pole-cancelling factor extended across 1 by its limit.	Removable unit for the other side of the pole cancellation.
poleFactor_apply_of_ne	Concentricity/ZetaRealZeros.lean:268	theorem	OBJ-poleN	stem	proved	For s ≠ 1: poleFactor s = (1 − 2^(1−s))/(s−1).	Unfolding row off the pole point.
poleFactor_analyticAt	Concentricity/ZetaRealZeros.lean:286	theorem	OBJ-poleN	stem	proved	AnalyticAt ℂ poleFactor s for every s — removable singularity at 1 (slope limit log 2), quotient elsewhere.	zetaPoleUnit_analyticAt_one pattern at the eta factor.
zetaPoleUnit_analyticAt	Concentricity/ZetaRealZeros.lean:335	theorem	OBJ-poleN	zeta	proved	AnalyticAt ℂ zetaPoleUnit s for every s — at 1 by the removable-singularity row, elsewhere as (s−1)·ζ.	Globalizes ZetaPole.lean's unit; the pole-unit is entire.
weierstrassE	Concentricity/ASection.lean:39	def	OBJ-presentation	stem	def	weierstrassE p w = (1 − w) · exp(∑_{k<p} w^{k+1}/(k+1)) — the classical Weierstrass elementary factor E_p.	Weierstrass-presentation building block.
spherePrimary	Concentricity/ASection.lean:47	def	OBJ-presentation	stem	def	spherePrimary p a z = weierstrassE p (z/a) · weierstrassE p (z/conj a) — stem primary factor of a residue-ℂ zero-sphere over the conjugate pair {a, conj a}.	Renders C3's slice-regular primary 𝓔(·;qₙ) (AdF Prop 3.1/Thm 3.2 cited for faithfulness); intrinsic in z.
ASection	Concentricity/ASection.lean:52	structure	OBJ-presentation	mixed	def	Bundle of an intrinsic meromorphic stem F with C1 (simple real pole), C2 (Euler exp-of-sum + §4α majorant), C3 (Weierstrass data, factorization through pole, atN), C4 (infinitude), compactified value at ∞.	def:A-section stem-encoded; stem fields + OnePoint ℂ carrier (valueAtInfinity); the hypothesis package every section-functor build consumes.
ASection.meromorphic	Concentricity/ASection.lean:61	field	OBJ-presentation	stem	def	meromorphic : MeromorphicOn F Set.univ — the semiregular typing (SeriesExp §11) at stem level.	Continuation-presentation typing.
ASection.ι	Concentricity/ASection.lean:72	field	OBJ-presentation	stem	def	ι : Type — C2 datum: the Euler index of the summable family {ℓ_p}.	
ASection.ι_infinite	Concentricity/ASection.lean:74	field	OBJ-presentation	stem	def	Infinite ι — C2: the Euler family is infinite.	
ASection.ℓ	Concentricity/ASection.lean:76	field	OBJ-presentation	stem	def	ℓ : ι → ℂ → ℂ — C2 datum: the Euler family of stems.	
ASection.Ω₀	Concentricity/ASection.lean:79	field	OBJ-presentation	stem	def	Ω₀ : ℝ — abscissa of the slice right half-space {z | Ω₀ < re z}.	
ASection.c2_euler	Concentricity/ASection.lean:90	field	OBJ-presentation	stem	def	∀ z, Ω₀ < z.re → F z = exp(∑' p, ℓ p z) — C2: A = exp(Σₚ ℓₚ) on Ω₀.	The Euler presentation equation.
ASection.m	Concentricity/ASection.lean:104	field	OBJ-presentation	stem	def	m : ℕ — C3 datum: order of the zero at the origin (the q^m factor).	
ASection.Rfac	Concentricity/ASection.lean:107	field	OBJ-presentation	stem	def	Rfac : ℂ → ℂ — C3 datum: Weierstrass product over the nonzero residue-ℝ (real) zeros.	
ASection.gfac	Concentricity/ASection.lean:109	field	OBJ-presentation	stem	def	gfac : ℂ → ℂ — C3 datum: the slice-preserving entire exponent g.	
ASection.genus	Concentricity/ASection.lean:112	field	OBJ-presentation	stem	def	genus : ℕ → ℕ — C3 datum: per-zero genus of each primary factor (prop:weierstrass / GV).	
ASection.c3_factorization	Concentricity/ASection.lean:184	field	OBJ-presentation	stem	def	∀ z ≠ pole, (z − pole)·F z = z^m · Rfac z · exp(gfac z) · ∏' n, spherePrimary (genus n) (sphereZero n) z — C3 over the full divisor, pole factor included.	§8 author-ruled pole-factor repair (classically Hadamard factors (s−1)ζ); the Weierstrass presentation equation.
ASection.euler_assembly_tendsto	Concentricity/KeystoneFinality.lean:58	theorem	OBJ-presentation	stem	proved	For Ω₀ < z.re: the finite-partial Euler assembly exp(∑_{p∈s} ℓ p z) tends (atTop over Finset A.ι) to A.F z.	(S1) Euler half: hypotheses literally c2_summable + c2_euler; C2's value assembly converging toward the one continued object.
ASection.weierstrass_assembly_tendsto	Concentricity/KeystoneFinality.lean:71	theorem	OBJ-presentation	stem	proved	The partial products ∏_{k<N} spherePrimary (genus k) (sphereZero k) z tend to the full tprod at every z.	(S1) Weierstrass half: hypothesis literally c3_multipliable; C3's through-the-pole assembly.
ASection.sphereTail	Concentricity/PairingE2.lean:231	def	OBJ-presentation	stem	def	sphereTail A s z := ∏' k, (if k ∈ s then 1 else spherePrimary (A.genus k) (A.sphereZero k) z) — the C3 product with a finite head removed.	Infinite tail of the Weierstrass presentation split at a finset.
ASection.tprod_split_finset	Concentricity/PairingE2.lean:238	theorem	OBJ-presentation	stem	proved	Off the pole, the C3 tprod splits at any finset s: ∏' 𝓔ₖ = (∏_{k∈s} 𝓔ₖ) · sphereTail s z; tail multipliability from the §4α majorant.	Pointwise rendering of stem_local_form's in-ball split (StemFactorization.lean).
ASection.sphereComplement	Concentricity/PairingE2.lean:286	def	OBJ-presentation	stem	def	sphereComplement A s z := z^m · Rfac z · exp(gfac z) · sphereTail s z / (z − pole) — everything of the §8-repaired C3 factorization except the head's primary factors.	Carries the pole factor; the analytic complement of the residue ledger.
ASection.eq_head_mul_complement	Concentricity/PairingE2.lean:291	theorem	OBJ-presentation	stem	proved	For z ≠ pole: A.F z = (∏_{k∈s} spherePrimary (genus k) (sphereZero k) z) · sphereComplement s z — the stem factors globally as head times complement.	From c3_factorization + tprod_split_finset.
ASection.logDeriv_eq_sum_head_add_complement	Concentricity/PairingE2.lean:403	theorem	OBJ-presentation	stem	proved	F′/F(z) = Σ_{k∈s} logDeriv(spherePrimary(genus k, sphereZero k))(z) + logDeriv(sphereComplement s)(z) at points where visible factors are nonvanishing.	logDeriv_weierstrass regrouped against an analytic complement.
zeta_hadamard	Concentricity/ZetaAssembly.lean:164	theorem	OBJ-presentation	zeta	proved	∃ g intrinsic, entire, with ∀ z, xi z = exp (g z) · zetaProd z — STAGE C COMPLETE: the Hadamard/Weierstrass form of ξ over the divisor-repeated enumeration.	g symmetrized via the constant d = conj∘g₀∘conj − g₀, pinned at 0; the C3 presentation with intrinsic exponent.
xi	Concentricity/ZetaInfinitude.lean:37	def	OBJ-presentation	zeta	def	xi (s : ℂ) : ℂ := s*(s-1)*completedRiemannZeta₀ s + 1 — the completed ξ in its entire normalization (avoids Λ's junk values at 0,1).	A1 data; pin completedRiemannZeta_eq. The entire presentation of ζ used by the whole Route A reductio.
xi_eq	Concentricity/ZetaInfinitude.lean:41	theorem	OBJ-presentation	zeta	proved	For s ≠ 0, s ≠ 1: xi s = s*(s-1)*completedRiemannZeta s — agreement of the entire ξ with s(s−1)Λ(s) away from {0,1}.	Presentation-agreement clause; pin completedRiemannZeta_eq.
xi_factorization_of_finite	Concentricity/ZetaInfinitude.lean:209	theorem	OBJ-presentation	zeta	proved	Under the finiteness hypothesis: ∃ h entire nonvanishing with xi z = (∏ᶠ u, (z−u)^(divisor xi u)) * h z for all z — finite factorized-rational × nonvanishing-entire factorization.	A3; pin MeromorphicOn.extract_zeros_poles + identity principle. Conditional Weierstrass-style presentation for the reductio.
zetaRfac	Concentricity/ZetaPole.lean:108	def	OBJ-presentation	zeta	def	zetaRfac = update (s ↦ (Gammaℝ s)⁻¹ / s) 0 (2⁻¹) — the entire 1/Γℝ with the origin's zero divided out; zeros exactly the trivial zeros −2, −4, ….	C3 data: R over the residue-ℝ (trivial) zeros; the c3_R_zeros_real claim rides the docstring, unproved here.
zetaRfac_apply_of_ne	Concentricity/ZetaPole.lean:111	theorem	OBJ-presentation	zeta	proved	For s ≠ 0: zetaRfac s = (Gammaℝ s)⁻¹ / s.	Unfolding row off the origin.
zetaEulerLog	Concentricity/ZetaSection.lean:64	def	OBJ-presentation	zeta	def	zetaEulerLog p z := (−log(1 − p^{−z}) − conj(log(1 − p^{−conj z}))) / 2 — ζ's Euler family in conjugation-SYMMETRIZED form.	Symmetrization makes global intrinsicality formal; naive branch hits the log cut at Re z ≤ 0 (would sorry c2_intrinsic unsoundly).
zetaEulerLog_eq_of_re_pos	Concentricity/ZetaSection.lean:95	theorem	OBJ-presentation	zeta	proved	0 < Re z → zetaEulerLog p z = −log(1 − p^{−z}) — the symmetrized form collapses to the classical Euler log on the right half-plane.	THE WORKHORSE: log_conj fold off the cut + real-base cpow conjugation.
zetaC2_euler	Concentricity/ZetaSection.lean:221	theorem	OBJ-presentation	zeta	proved	1 < Re z → riemannZeta z = exp(∑' p, zetaEulerLog p z) — ζ's Euler product in exp-of-sum form; discharges c2_euler.	Pinned riemannZeta_eulerProduct_exp_log read through the symmetrization collapse.
zetaC3_package	Concentricity/ZetaSection.lean:358	theorem	OBJ-presentation	zeta	proved	∃ intrinsic entire g with multipliability, §4α majorant, and (z−1)·ζ(z) = z⁰·zetaRfac z·e^{g z}·∏' n, spherePrimary n (zetaSphereZero n) z off z = 1 — Hadamard through the pole N.	THE GATED ROW, closed stages A–C (ZetaWeierstrass/ZetaXiMatch/ZetaAssembly, Γℝ-cancellation ξ·Rfac = (z−1)ζ); gfac extracted by choice.
zetaGfac	Concentricity/ZetaSection.lean:395	def	OBJ-presentation	zeta	def	zetaGfac := zetaC3_package.choose — the Hadamard exponential factor g.	Choice-extracted C3 datum.
zetaC3_factorization	Concentricity/ZetaSection.lean:413	theorem	OBJ-presentation	zeta	proved	∀ z ≠ 1: (z − 1)·riemannZeta z = z⁰ · zetaRfac z · exp(zetaGfac z) · ∏' n, spherePrimary n (zetaSphereZero n) z.	choose_spec projection; the §8 pole-factor form instantiated.
zetaSection	Concentricity/ZetaSection.lean:429	def	OBJ-presentation	zeta	def	zetaSection : ASection — F = riemannZeta, pole = 1, ι = Nat.Primes, Ω₀ = 1, m = 0, genus n = n, sphereZero = zetaSphereZero, valueAtInfinity = 1; every C1–C4 field discharged by the proved rows.	cor:zeta-section (Island C1); zero sorries; c3_atN by zetaSphereZero_density, c3_lowerEdge by the strip (member-private bound, not a level).
zetaC3_multipliable_proved	Concentricity/ZetaWeierstrass.lean:232	theorem	OBJ-presentation	zeta	proved	∀ z, Multipliable (n ↦ spherePrimary n (zetaSphereZero n) z) — Stage A row 1: the genus-n product over the divisor-repeated enumeration converges at every point.	c3_multipliable conjunct of zetaC3_package, standalone PROVED.
zetaProd	Concentricity/ZetaXiMatch.lean:128	def	OBJ-presentation	zeta	def	zetaProd z = ∏' n, spherePrimary n (zetaSphereZero n) z — the genus-n canonical product P over the divisor-repeated enumeration.	The Weierstrass side of the one stem; the C3 presentation carrier for the ζ member.
ASection.NormalizedSlicePoint	Concentricity/NormalizedAction.lean:17	def	OBJ-state	sphereworld	def	Type := Σ I : SphereWorld, ↥(sliceSphere I.val) — a sphere with a point on that compactified sphere.	The pointed slice-sphere continuum.
ASection.neg_mem_unitImaginarySphere	Concentricity/AFunctor.lean:106	theorem	OBJ-world	domain-H1	proved	v ∈ unitImaginarySphere → -v ∈ unitImaginarySphere.	Duplicates Octonion.neg_mem_unitImaginarySphere (ZeroSpheres.lean:112).
Octonion.sphere_path	Concentricity/LogManifold.lean:479	theorem	OBJ-world	domain-H1	proved	Any two points of unitImaginarySphere are joined by a continuous path inside the sphere - S6 is path-connected on the repo's own type.	Antipodal pairs via WeldW3 direction_path_to_neg; others via normalized segment. The octonionic difference vs stem S0.
Octonion.exp_fibre_sphere_connected	Concentricity/LogManifold.lean:558	theorem	OBJ-world	domain-H1	proved	Two directions v0, v1 of one degenerate sphere (fixed value -r, fixed odd rung 2k+1) are joined by a continuous path running entirely inside exp^-1(-r).	The fibre is connected THROUGH the directions - over the stem C the same fibre is discrete.
Octonion.exp_fibre_conj_joined	Concentricity/LogManifold.lean:587	theorem	OBJ-world	domain-H1	proved	The stem-conjugate pair sliceEmbed v <log r, +/-(2k+1)pi>, disconnected over C, are the two ends of one continuous path inside the octonionic fibre over -r.	Why the base keeps only the LEVEL as object label - height sign not well-defined; 'Winding is band data' (def:base).
Octonion.IsImaginary	Concentricity/Octonion.lean:138	def	OBJ-world	domain-H1	def	IsImaginary x : Prop := re x = 0 — purely imaginary octonions.	the 7 imaginary directions; world indices live in its unit sphere
Octonion.unitImaginarySphere	Concentricity/Octonion.lean:142	def	OBJ-world	domain-H1	def	unitImaginarySphere : Set Octonion := {v | re v = 0 and normSq v = 1} — the 6-sphere of unit imaginary octonions.	the S^6 of world indices; carrier of the LOCKED SphereWorld subtype (SliceSphereWorld head)
Octonion.sq_eq_neg_one_of_mem_unitImaginarySphere	Concentricity/Octonion.lean:148	theorem	OBJ-world	domain-H1	proved	v in unitImaginarySphere implies v*v = -1.	the slice-generator property, docstring: consumed by def:slices
Octonion.mul_mem_unitImaginarySphere_of_orthogonal	Concentricity/OctonionForm.lean:153	theorem	OBJ-world	domain-H1	proved	For u, w in unitImaginarySphere with innerO u w = 0: u*w is in the sphere and innerO u (u*w) = 0 = innerO w (u*w) (P4.2.d).	closure of world indices under orthogonal products; builds the frame
Octonion.BasicTriple	Concentricity/OctonionForm.lean:183	structure	OBJ-world	domain-H1	def	u, w, z in unitImaginarySphere, pairwise innerO-orthogonal, plus innerO (u*w) z = 0.	Baez sec.4 vocabulary (faithfulness gloss, never load); frames O by (1,u,w,uw,z,uz,wz,(uw)z); feeds G2 transitivity
Octonion.exists_basicTriple	Concentricity/OctonionForm.lean:275	theorem	OBJ-world	domain-H1	proved	Every u in unitImaginarySphere extends to a BasicTriple T with T.u = u (P4.2.e, rank-nullity dimension count).	feeds exists_smul_eq_of_mem_unitImaginarySphere (thm:G2-S6)
Octonion.self_mul_mul	Concentricity/OctonionForm.lean:436	theorem	OBJ-world	domain-H1	proved	For v in unitImaginarySphere: v*(v*x) = -x.	left multiplication by a world generator squares to -1 (complex-structure action)
Octonion.mul_mul_self	Concentricity/OctonionForm.lean:443	theorem	OBJ-world	domain-H1	proved	For v in unitImaginarySphere: (x*v)*v = -x.	right-hand mirror
S2.unitSphere_nonempty	Concentricity/PhiConversion.lean:239	theorem	OBJ-world	domain-H1	proved	Octonion.unitImaginarySphere.Nonempty — witness the Cayley–Dickson unit (0,1) ∈ ℍ × ℍ.	private; duplicate of Octonion.unitImaginarySphere_nonempty (ZeroSpheres.lean, atop ζ tower, not imported here)
Octonion.dir	Concentricity/Slice.lean:58	def	OBJ-world	domain-H1	def	dir x := (norm (im x))⁻¹ • im x — the direction I(q), junk value 0 for real octonions.	GPVwind Rem 2.1: no continuous extension to R; junk never consumed (realize is direction-blind at reals).
Octonion.sliceEmbed	Concentricity/Slice.lean:65	def	OBJ-world	domain-H1	def	sliceEmbed v z := ofReal z.re + z.im • v — φ_v : C → C_v ⊆ O, i ↦ v (master def:slices).	The slice chart; core object of the two-worlds bridge.
Octonion.dir_mem_unitImaginarySphere	Concentricity/Slice.lean:98	theorem	OBJ-world	domain-H1	proved	im x ≠ 0 → dir x ∈ unitImaginarySphere: the direction of a non-real octonion is a unit imaginary octonion (a world point of S6).	re(im x)=0 by construction, normSq=1 via normSq_normalize.
Octonion.sliceSphere	Concentricity/Slice.lean:195	def	OBJ-world	domain-H1	def	sliceSphere v := insert ∞ (coe '' range (sliceEmbed v)) ⊆ OnePoint Octonion — the slice Riemann sphere C_v* = C_v ∪ {∞} = S²_v.	master def:slices: all slice spheres share ∞ and the real axis; SOURCED quote in docstring.
SphereWorld	Concentricity/SliceSphereWorld.lean:194	def	OBJ-world	sphereworld	def	Type := {v : Octonion // v ∈ unitImaginarySphere} — the objects of the TRUE 𝒮₂: one slice Riemann sphere S²_I per I ∈ S⁶.	LOCKED object; sphere carried by sliceSphere I via spherePt chart per docstring.
baseWorld	Concentricity/SliceSphereWorld.lean:295	def	OBJ-world	sphereworld	def	The basepoint world: the Cayley–Dickson unit direction (0,1) ∈ ℍ×ℍ as an element of SphereWorld.	Consumed by AFunctor.poleGen.
unitSphereE6_nonempty	Concentricity/SynthesisE6.lean:86	theorem	OBJ-world	domain-H1	proved	Octonion.unitImaginarySphere.Nonempty, witnessed by ((0 : ℍ), (1 : ℍ)).	private helper; duplicate of ZeroSpheres.lean's row (unimported here).
SliceWorld	Concentricity/TwoWorlds.lean:35	def	OBJ-world	domain-H1	def	def SliceWorld : Type := OnePoint Octonion — the objects of the slice world 𝒮₂, a type synonym so the generator quiver does not leak onto OnePoint Octonion.	master def:two-worlds object clause; NOT the LOCKED SphereWorld {v//v∈S⁶} of SliceSphereWorld.lean — a second slice-world rendering
S2	Concentricity/TwoWorlds.lean:71	def	OBJ-world	domain-H1	def	def S2 := CategoryTheory.Quotient SliceWorld.Rel — 𝒮₂, the slice world as quotient of the free path category on the generators by the direction relations.	master def:two-worlds; Category instance at l.73 (inferInstance, excluded as plumbing)
S2.of	Concentricity/TwoWorlds.lean:77	def	OBJ-world	domain-H1	def	S2.of (w : OnePoint Octonion) : S2 := ⟨w⟩ — the canonical object of 𝒮₂ over a point of 𝕆*.	object constructor consumed by every π₀(𝒮₂) row
Octonion.direction_path_to_neg	Concentricity/WeldW3.lean:147	theorem	OBJ-world	domain-H1	proved	For v ∈ unitImaginarySphere: ∃ p : C(unitInterval, Octonion) with p 0 = v, p 1 = -v, all p t in the sphere, and im (p t) ≠ 0 — a great-circle direction path avoiding ℝ.	WELD (a) 𝕆 side: S⁶ connected; partner from Octonion.exists_basicTriple (P4.2.e); master clause thm:G2-S6.
Octonion.neg_mem_unitImaginarySphere	Concentricity/ZeroSpheres.lean:112	theorem	OBJ-world	domain-H1	proved	v ∈ unitImaginarySphere → -v ∈ unitImaginarySphere — S⁶ symmetric under negation.	Duplicated as ASection.neg_mem_unitImaginarySphere in AFunctor.lean:106.
Octonion.unitImaginarySphere_nonempty	Concentricity/ZeroSpheres.lean:183	theorem	OBJ-world	domain-H1	proved	unitImaginarySphere.Nonempty — witnessed by the Cayley–Dickson unit (0,1) ∈ ℍ×ℍ.	Same witness as baseWorld (SliceSphereWorld.lean:295).
ASection.c3_R_zeros_real	Concentricity/ASection.lean:125	field	OBJ-zero	stem	def	∀ z, Rfac z = 0 → z.im = 0 ∧ z ≠ 0 — R vanishes only at nonzero real points (C3 one-word repair: q^m alone carries the origin).	Author-ruled 2026-07-04; load-bearing for PLAN §6 gauge caveat (a slid origin is absorbable into R).
ASection.c3_sphere_nonreal	Concentricity/ASection.lean:132	field	OBJ-zero	stem	def	∀ n, 0 < (sphereZero n).im — the zero-spheres are residue-ℂ (non-real); upper-half representatives.	
ASection.c4_infinite	Concentricity/ASection.lean:189	field	OBJ-zero	stem	def	(Set.range sphereZero).Infinite — C4: infinitely many residue-ℂ zeros.	Makes the degenerate fibre infinite.
ASection.no_finite_zero_accumulation	Concentricity/KernelE4.lean:362	theorem	OBJ-zero	stem	proved	No sequence of stem zeros of F avoiding w converges to a finite w: False from the meromorphic dichotomy, c1_simple at the pole, identity principle off it vs C2.	Master SCAN §7(iv): zeros accumulate only at N; C1 + C2 jointly.
ASection.tendsto_norm_atTop_of_levels_tendsto_supLevel	Concentricity/KernelE4.lean:424	theorem	OBJ-zero	stem	proved	If no zero attains supLevel and levels along φ tend to supLevel, then ‖A.sphereZero (φ j)‖ → ∞: level-maximizing zeros escape to N in norm.	Escape to N via properness of ℂ + no_finite_zero_accumulation; norm-form only (not on OnePoint).
ASection.supLevel_attained_or_escape	Concentricity/KernelE4.lean:459	theorem	OBJ-zero	stem	proved	Either some enumerated zero attains the top level, or a level-maximizing sequence of zeros escapes to N in norm — the attainment dichotomy of record.	Neither horn closes the node; the honest rendering of attainment.
ASection.sphereZero_ne_zero	Concentricity/KeystoneFinality.lean:35	theorem	OBJ-zero	stem	proved	A.sphereZero n ≠ 0 for every n.	From c3_sphere_nonreal (strictly upper-half representatives); enables 1/ρ in coneInvariant.
ASection.re_le_upperEdge	Concentricity/LiKernel.lean:413	theorem	OBJ-zero	stem	proved	(A.sphereZero k).re ≤ A.Ω₀ — every enumerated zero-sphere representative has real part at most the C2 half-space abscissa.	C-1 step (1), the upper edge: C2 zero-freeness read at the divisor via stem_zero_of_sphereZero; with c3_lowerEdge gives the strip.
ASection.zero_passage_level_atBot	Concentricity/LogManifold.lean:807	theorem	OBJ-zero	stem	proved	Tendsto (fun z => log||A.F z||) (nhdsWithin (A.sphereZero n) punctured) atBot - along every punctured approach to the n-th zero the value-side level runs to -infinity.	Over ASection stem fields only (F, sphereZero); zero isolated by C3's stem_local_form; value register (R10).
ASection.zero_passage_manifold_data	Concentricity/LogManifold.lean:1046	theorem	OBJ-zero	mixed	proved	Within eps of sphereZero n there are encounter values -r with log r < M, and over each the E+ manifold holds the full S6 x Z fibre data - every direction, every odd rung - all at the one level log r.	Mixed: stem (F, sphereZero) + octonionic logManifold/Llog. Value register only (R10 header): no domain-side placement.
ASection.normalizedZeroSlicePoint	Concentricity/NormalizedAction.lean:28	def	OBJ-zero	mixed	def	The n-th C-residue zero viewed as a NormalizedSlicePoint in world I.	
ASection.NormalizedZeroObject	Concentricity/NormalizedBase.lean:28	structure	OBJ-zero	mixed	def	Normalized C-residue zero object: index : ℕ, world : SphereWorld, footpoint : NormalizedCircleBase, label : ℝ, footpoint_label, label_zero (label = (sphereZero index).re).	footpoint channel = old-total BaseC; world = locked sphereworld; label ties to ASection.sphereZero.
ASection.normalizedZero	Concentricity/NormalizedBase.lean:39	def	OBJ-zero	mixed	def	The normalized zero object of index n in chosen world I, footpoint/label = (sphereZero n).re.	Varying world sweeps the whole slice-sphere family, one real label.
ASection.NormalizedNLeg.source	Concentricity/NormalizedNLeg.lean:16	def	OBJ-zero	mixed	def	source A n I := A.normalizedZero n I : NormalizedZeroObject A — the source object of the normalized n-th witness leg in slice world I.	Mixed: stem (sphereZero) + sphereworld (I : SphereWorld, locked) + carrier footpoint (NormalizedBase.lean).
Octonion.sliceEmbed_zero	Concentricity/PhiConversion.lean:422	theorem	OBJ-zero	domain-H1	proved	sliceEmbed v (0 : ℂ) = 0 for every v — the slice embedding of the coordinate 0 is the value-origin 0, along every direction.	the value-origin is direction-independent — the object Φ collapses onto
ASection.realize_sphereZero_pt	Concentricity/PhiConversion.lean:467	theorem	OBJ-zero	domain-H1	proved	A.realize (sliceEmbed v (A.sphereZero n)) = (0 : Octonion) for v ∈ unitImaginarySphere — every point of the n-th residue-ℂ zero-sphere realizes to 0.	C3's divisor (stem_zero_of_sphereZero) read on the whole orbit
nontrivial_of_im_ne_zero	Concentricity/RhEquiv.lean:43	theorem	OBJ-zero	zeta	proved	For s.im ≠ 0: s is not a trivial zero (¬∃ n, s = −2(n+1)) and s ≠ 1 — a non-real point is a nontrivial-zero candidate.	Classification helper: trivial zeros and the pole are real.
riemannZeta_one_sub_zero	Concentricity/RhEquiv.lean:69	theorem	OBJ-zero	zeta	proved	For 0 < s.re < 1 with ζ s = 0: ζ (1−s) = 0 — the functional-equation transfer in the strip through the completed FE and the Γ-divisor bridges.	Master clause 'if ρ is a nontrivial zero then so is 1−ρ̄'; ζ's private FE, downstream only.
ASection.stem_zero_of_sphereZero	Concentricity/StemFactorization.lean:67	theorem	OBJ-zero	stem	proved	A.F (A.sphereZero n) = 0 — every enumerated sphere-zero is a stem zero (forward half of the divisor bundle).	Closed through the §8-repaired c3_factorization; ties the enumeration to actual zeros.
ASection.stem_local_form	Concentricity/StemFactorization.lean:549	theorem	OBJ-zero	stem	proved	∃ G analytic and nonzero at a := sphereZero n with A.F =ᶠ[nhds a] (z − a)^(Nat.card fiber) · G — the stem's local form at an enumerated zero.	CORE of B2.1 per-zero rows; tprod split at the finite fiber + unit peeling + §4α tail.
ASection.logDeriv_local_form	Concentricity/StemFactorization.lean:752	theorem	OBJ-zero	stem	proved	∃ u analytic at a, u a = fiber tally ≠ 0, and F′/F =ᶠ[punctured nhds a] (z − a)^(−1) • u — the simple pole and its trailing coefficient in one package.	Shaped for meromorphicOrderAt_eq_int_iff + trailing-coefficient pin; PROVED helper.
ASection.sphereLoop_encircles	Concentricity/WeldW3.lean:249	theorem	OBJ-zero	mixed	proved	sliceEmbed v (sphereZero n) sits on the sphere locus (re = (sphereZero n).re, ‖im‖ = (sphereZero n).im) and the loop's sliceCoord circles the enumerated zero at exact distance ε.	thm:zero-spheres locus; hypotheses 0 < ε < (sphereZero n).im; uses c3_sphere_nonreal.
zeroSphere	Concentricity/ZeroSpheres.lean:29	def	OBJ-zero	domain-H1	def	Set Octonion := (fun v => sliceEmbed v ⟨σ,γ⟩) '' unitImaginarySphere — S_ρ = σ + γ·S⁶ (master thm:zero-spheres, verbatim).	Island B6 head; defined for any parameters.
mem_zeroSphere_iff	Concentricity/ZeroSpheres.lean:41	theorem	OBJ-zero	domain-H1	proved	For γ > 0: x ∈ zeroSphere σ γ ↔ re x = σ ∧ norm (im x) = γ — the hyperplane-and-radius reading.	Master (i) membership characterization.
zeroSphere_zeros	Concentricity/ZeroSpheres.lean:87	theorem	OBJ-zero	zeta	proved	If riemannZeta ⟨σ,γ⟩ = 0 (γ>0): every x ∈ zeroSphere σ γ has zetaO ↑x = ↑0 — every point of S_ρ is a zero of ζ_𝕆.	Master (ii) first half, via zetaO_zero_iff bridge.
mem_zeroSphere_of_zetaO_zero	Concentricity/ZeroSpheres.lean:97	theorem	OBJ-zero	zeta	proved	A non-real zero of ζ_𝕆 lies on the sphere of its slice coordinate, and that coordinate is a zero of ζ.	(ii) converse; feeds (iii)'s ⊆.
zeroSphere_neg	Concentricity/ZeroSpheres.lean:123	theorem	OBJ-zero	domain-H1	proved	zeroSphere σ (−γ) = zeroSphere σ γ — conjugate zeros give the same sphere (v ↦ −v bijection of S⁶).	Master (ii) second half.
zeroSphere_disjoint	Concentricity/ZeroSpheres.lean:144	theorem	OBJ-zero	domain-H1	proved	For γ₁,γ₂ > 0 and (σ₁,γ₁) ≠ (σ₂,γ₂): Disjoint (zeroSphere σ₁ γ₁) (zeroSphere σ₂ γ₂).	Master (iii); via membership characterization.
zeroSphere_nonempty	Concentricity/ZeroSpheres.lean:190	theorem	OBJ-zero	domain-H1	proved	(zeroSphere σ γ).Nonempty for all parameters.	Helper for injectivity in zeroSpheres_infinite.
zeroSpheres_infinite	Concentricity/ZeroSpheres.lean:202	theorem	OBJ-zero	zeta	proved	{S | ∃ σ γ, 0 < γ ∧ riemannZeta ⟨σ,γ⟩ = 0 ∧ S = zeroSphere σ γ}.Infinite — infinitely many zero 6-spheres AS A SET OF SETS.	Master (iv) complete; folds lower half via riemannZeta_conj, excludes real zeros via nontrivialZero_im_ne_zero.
zetaC_coe_eq_zero_iff	Concentricity/ZetaCstar.lean:51	theorem	OBJ-zero	carrier	proved	zetaC (s : OnePoint ℂ) = (0 : OnePoint ℂ) ↔ riemannZeta s = 0 ∧ s ≠ 1 — zero preservation at a finite point, junk-value-robust.	lem:zero-Cstar forward half at the coordinate; s ≠ 1 clause avoids any convention for riemannZeta 1.
zetaC_zero_iff	Concentricity/ZetaCstar.lean:66	theorem	OBJ-zero	carrier	proved	For x : OnePoint ℂ: zetaC x = 0 ↔ ∃ s : ℂ, x = s ∧ riemannZeta s = 0 ∧ s ≠ 1 — Z(ζ_ℂ*) = Z(ζ): compactification moves no zeros.	Master lem:zero-Cstar verbatim in docstring: no zero gained or lost at the two adjoined values.
zetaUpperZeros_ball_finite	Concentricity/ZetaDensityCore.lean:37	theorem	OBJ-zero	zeta	proved	{s ∈ zetaUpperZeros | ‖s‖ < T} is finite — the upper ζ zeros in a ball form a finite set.	Milestone (i) helper; via compact-ball ∩ riemannZetaZeros finiteness.
zetaSphereZero_density	Concentricity/ZetaDensityCore.lean:354	theorem	OBJ-zero	zeta	proved	Summable (fun k => 1/(1+‖zetaSphereZero k‖²)) — ζ's quadratic point-density, Jensen counting + dyadic-shell comparison.	Brick-2 runway item (1): ζ's member-private route (via xi_growth) discharging the c3_atN field of zetaSection; the file's payoff.
zetaUpperZeros	Concentricity/ZetaDivisor.lean:45	def	OBJ-zero	zeta	def	zetaUpperZeros = {s : ℂ | riemannZeta s = 0 ∧ 0 < s.im} — the upper-half zeros of ζ, automatically nontrivial.	The zero-state carrier for the divisor enumeration.
zetaUpperZeros_infinite	Concentricity/ZetaDivisor.lean:66	theorem	OBJ-zero	zeta	proved	zetaUpperZeros.Infinite — nontrivial-zero infinitude folded to the upper half by cluster 4 and the conjugation pin.	C4 material: infinitely many upper-half zero states.
zetaZeroMult	Concentricity/ZetaDivisor.lean:89	def	OBJ-zero	zeta	def	zetaZeroMult s = analyticOrderNatAt riemannZeta s — the multiplicity of a ζ-zero as a natural number (the divisor value).	The multiplicity datum of each zero state.
zetaZeroMult_pos	Concentricity/ZetaDivisor.lean:96	theorem	OBJ-zero	zeta	proved	For s ∈ zetaUpperZeros: 0 < zetaZeroMult s — the multiplicity is positive and finite at each upper zero.	Finite via identity theorem on connected ℂ∖{1} against ζ(2) ≠ 0.
xi_zeros_eq_nontrivialZeros	Concentricity/ZetaInfinitude.lean:97	theorem	OBJ-zero	zeta	proved	{s | xi s = 0} = {s | riemannZeta s = 0 ∧ ¬∃ n:ℕ, s = −2(n+1) ∧ s ≠ 1} — zero set of ξ equals the nontrivial-zero set of ζ.	A2, the zero-set dictionary; trivial-zero clause matches riemannZeta_neg_two_mul_nat_add_one verbatim.
riemannZeta_nontrivialZeros_infinite	Concentricity/ZetaInfinitude.lean:1222	theorem	OBJ-zero	zeta	proved	{s : ℂ | riemannZeta s = 0 ∧ ¬∃ n:ℕ, s = −2(n+1) ∧ s ≠ 1}.Infinite — ζ has infinitely many nontrivial zeros.	THE TARGET (A10, author's ruling verbatim): the C4 leaf for the ζ instance, PROVED in-repo per R9 — no longer sorried.
zetaO_zero_iff	Concentricity/ZetaOctonion.lean:155	theorem	OBJ-zero	domain-H1	proved	For v ∈ S⁶, 0 < ζ.im: zetaO (sliceEmbed v ζ) = 0 ↔ riemannZeta ζ = 0 — the Zero Equivalence Theorem, upper half (master thm:zero-equivalence).	THE BRIDGE (B5): every classical zero fact crosses here, nowhere else.
nontrivialZero_im_ne_zero	Concentricity/ZetaRealZeros.lean:431	theorem	OBJ-zero	zeta	proved	For a nontrivial zero (ζ s = 0, not trivial, s ≠ 1): s.im ≠ 0 — every nontrivial zero is non-real.	Cluster 4 COMPLETE; consumed by thm:rh-equiv's full iff and thm:zero-spheres(iv).
zetaRfac_zeros_real	Concentricity/ZetaSection.lean:332	theorem	OBJ-zero	zeta	proved	zetaRfac z = 0 → z.im = 0 ∧ z ≠ 0 — vanishes exactly at the nonzero reals −2, −4, … (trivial zeros as the residue-ℝ divisor).	Via Gammaℝ_eq_zero_iff; the origin carries the nonzero value 1/2.
nontrivialZero_re_mem_Ioo	Concentricity/ZetaStrip.lean:59	theorem	OBJ-zero	zeta	proved	If riemannZeta s = 0, s not a trivial zero (¬∃ n, s = −2(n+1)), s ≠ 1: then 0 < s.re ∧ s.re < 1 — nontrivial zeros lie in the open strip.	Cluster 4 derivable core, DERIVED (R10): nonvanishing half-plane + completed FE reflection. Zero-location input to the zero-sphere addresses.
zetaProd_orderAt_upper	Concentricity/ZetaXiMatch.lean:347	theorem	OBJ-zero	zeta	proved	For s ∈ zetaUpperZeros: analyticOrderAt zetaProd s = zetaZeroMult s — P's local order at an upper zero equals the multiplicity, via the fiber peel against the nonvanishing tail.	The enumeration side of the B2 divisor match; exponent = fiber count = multiplicity.
xi_orderAt_upper	Concentricity/ZetaXiMatch.lean:537	theorem	OBJ-zero	zeta	proved	For s ∈ zetaUpperZeros: analyticOrderAt xi s = zetaZeroMult s — near the zero ξ = [z(z−1)Γℝ]·ζ with the bracket a nonvanishing analytic unit, so orders add with bracket order 0.	The stem side of the B2 divisor match.
Octonion	Concentricity/Octonion.lean:35	def	OTHER	domain-H1	def	Octonion : Type := Quaternion R x Quaternion R — the octonions as Cayley-Dickson pairs of Mathlib quaternions; twisted multiplication installed by instances.	R9 constructed carrier of O* and H1; master def:octonions; def not structure so Prod additive/module structure is inherited
Octonion.instMul	Concentricity/Octonion.lean:49	instance	OTHER	domain-H1	def	(a,b)*(c,d) = (a c - d* b, d a + b c*) — the Cayley-Dickson multiplication on Octonion.	doubling convention per RECON_MATHLIB item (a); faithfulness cross-check vs SOURCES/Baez02.md queued
Octonion.mul_def	Concentricity/Octonion.lean:52	theorem	OTHER	domain-H1	proved	x*y = (x.1*y.1 - star y.2 * x.2, y.2*x.1 + x.2*star y.1), by rfl.	citable statement of the doubling convention
Octonion.star_def	Concentricity/Octonion.lean:63	theorem	OTHER	domain-H1	proved	star x = (star x.1, -x.2) — octonionic conjugation componentwise, by rfl (Star instance at line 61).	conjugation fixes exactly the real axis; substrate for re/imaginary split
Octonion.instNonUnitalNonAssocRing	Concentricity/Octonion.lean:80	instance	OTHER	domain-H1	def	NonUnitalNonAssocRing Octonion: left/right distributivity and zero laws; associativity deliberately NOT installed (def:octonions(iii)); unit laws one_mul/mul_one proved separately (l.94/97).	DERIVED; non-associativity is a stated design point of the master
Octonion.normSq	Concentricity/Octonion.lean:112	def	OTHER	domain-H1	def	normSq x = Quaternion.normSq x.1 + Quaternion.normSq x.2 — the CD doubling of the quaternionic squared norm.	the quadratic form; norm bundle (Norm/NormedRing) not installed here
Octonion.normSq_mul	Concentricity/Octonion.lean:124	theorem	OTHER	domain-H1	proved	normSq (x*y) = normSq x * normSq y — O is a composition algebra (def:octonions(ii), 'normed').	engine: Mathlib Degen sum_eight_sq identity; feeds all P4.2 polarization and thm:G2-S6
Octonion.alt_left	Concentricity/Octonion.lean:180	theorem	OTHER	domain-H1	proved	(x*x)*y = x*(x*y) — left alternativity (def:octonions(iv)).	DERIVED at the H-pair level; Schafer/Baez cited for faithfulness only
Octonion.alt_right	Concentricity/Octonion.lean:212	theorem	OTHER	domain-H1	proved	x*(y*y) = (x*y)*y — right alternativity (def:octonions(iv)).	mirror of alt_left
Octonion.innerO	Concentricity/OctonionForm.lean:32	def	OTHER	domain-H1	def	innerO x y = (normSq (x+y) - normSq x - normSq y)/2 — the polarization bilinear form of normSq.	the Euclidean form on R^8; all orthogonality in the frame machinery is stated through it
Octonion.innerO_def'	Concentricity/OctonionForm.lean:58	theorem	OTHER	domain-H1	proved	innerO x y equals the Euclidean pairing of the 8 real coordinates of x and y.	explicit coordinate form; bilinearity lemmas ride on it
Octonion.mul_self_eq	Concentricity/OctonionForm.lean:79	theorem	OTHER	domain-H1	proved	x*x = (2 * re x) smul x - ofReal (normSq x) — the quadratic (minimal-polynomial) identity, P4.2.a.	docstring: also the engine of the Phase-4 #7 isometry block; algebraic ground of slice planes
Octonion.innerO_mul_mul_left	Concentricity/OctonionForm.lean:100	theorem	OTHER	domain-H1	proved	innerO (x*y) (x*z) = normSq x * innerO y z — composition polarized on the left, P4.2.b.	polarizes normSq_mul
Octonion.innerO_mul_mul_right	Concentricity/OctonionForm.lean:106	theorem	OTHER	domain-H1	proved	innerO (x*z) (y*z) = innerO x y * normSq z — composition polarized on the right, P4.2.b'.	
Octonion.mul_anticomm_of_orthogonal	Concentricity/OctonionForm.lean:114	theorem	OTHER	domain-H1	proved	re x = 0, re y = 0, innerO x y = 0 imply x*y = -(y*x) — orthogonal imaginaries anticommute, P4.2.c.	linearizes P4.2.a at x+y
Octonion.normSq_smul	Concentricity/OctonionForm.lean:202	theorem	OTHER	domain-H1	proved	normSq (r smul x) = r^2 * normSq x — quadratic homogeneity.	
Octonion.normSq_pos_of_ne_zero	Concentricity/OctonionForm.lean:228	theorem	OTHER	domain-H1	proved	x /= 0 implies 0 < normSq x — positive definiteness of the form.	with normSq_mul this is the no-zero-divisors substrate; that lemma itself is not stated
Octonion.normSq_normalize	Concentricity/OctonionForm.lean:243	theorem	OTHER	domain-H1	proved	For x /= 0: normSq ((sqrt (normSq x))^-1 smul x) = 1.	produces unit-sphere (world-index) representatives in the rank-nullity steps
Octonion.innerOLinear	Concentricity/OctonionForm.lean:250	def	OTHER	domain-H1	def	innerO bundled as an R-linear map in its first argument: Octonion ->l[R] R.	kernel arguments for exists_basicTriple ride on it
Octonion.finrank_eq_eight	Concentricity/OctonionForm.lean:264	theorem	OTHER	domain-H1	proved	Module.finrank R Octonion = 8.	CD double of 4-dim H; feeds the dimension counts and frameBasis
Octonion.innerO_mul_exchange	Concentricity/OctonionForm.lean:358	theorem	OTHER	domain-H1	proved	innerO (a*b) (c*d) + innerO (c*b) (a*d) = 2 * innerO a c * innerO b d — the exchange identity (full polarization of P4.2.b).	engine of the Gram lemmas
Octonion.innerO_mul_right_adjoint	Concentricity/OctonionForm.lean:368	theorem	OTHER	domain-H1	proved	innerO (a*b) c + innerO (c*b) a = 2 * innerO a c * re b — exchange with d = 1.	trace-form adjointness
Octonion.innerO_mul_left_adjoint	Concentricity/OctonionForm.lean:375	theorem	OTHER	domain-H1	proved	innerO (a*b) d + innerO b (a*d) = 2 * re a * innerO b d — exchange with c = 1.	trace-form adjointness
Octonion.instIsScalarTower (anonymous)	Concentricity/OctonionForm.lean:382	instance	OTHER	domain-H1	def	IsScalarTower R Octonion Octonion: (r smul x) * y = r smul (x*y).	scalar compatibility of the CD product; consumed by linear-map bootstraps
Octonion.instSMulCommClass (anonymous)	Concentricity/OctonionForm.lean:393	instance	OTHER	domain-H1	def	SMulCommClass R Octonion Octonion: r smul (x*y) = x * (r smul y).	
Octonion.mul_alt_left_linear	Concentricity/OctonionForm.lean:408	theorem	OTHER	domain-H1	proved	(a*b)*c + (b*a)*c = a*(b*c) + b*(a*c) — left alternativity linearized at a+b.	table engine
Octonion.mul_alt_right_linear	Concentricity/OctonionForm.lean:422	theorem	OTHER	domain-H1	proved	a*(b*c) + a*(c*b) = (a*b)*c + (a*c)*b — right alternativity linearized at b+c.	table engine
Octonion.BasicTriple.frame	Concentricity/OctonionForm.lean:740	def	OTHER	domain-H1	def	frame : Fin 8 -> Octonion := ![1, u, w, u*w, z, u*z, w*z, (u*w)*z].	the 8-frame of a basic triple
Octonion.BasicTriple.frame_innerO	Concentricity/OctonionForm.lean:745	theorem	OTHER	domain-H1	proved	innerO (frame i) (frame j) = if i = j then 1 else 0 — the frame is orthonormal (Gram = identity).	64-case fin_cases discharge over the Gram lemma stock
Octonion.BasicTriple.frame_linearIndependent	Concentricity/OctonionForm.lean:790	theorem	OTHER	domain-H1	proved	LinearIndependent R T.frame — orthonormality forces independence.	
Octonion.BasicTriple.frameBasis	Concentricity/OctonionForm.lean:803	def	OTHER	domain-H1	def	The frame as a Module.Basis (Fin 8) R Octonion (8 independent vectors in dimension 8).	the matching engine consumed by G2.exists_smul_basicTriple
Octonion.BasicTriple.frameBasis_apply	Concentricity/OctonionForm.lean:807	theorem	OTHER	domain-H1	proved	frameBasis i = frame i.	consumed directly in G2.lean's frame equations
Concentricity.«term𝓡» (scoped notation)	Concentricity/Spine.lean:32	abbrev	OTHER	stem	def	scoped notation R-frak => StemRing — the ring of slice-preserving slice-regular functions in its stem encoding.	master def:R; the ring the A-section lives in; the file's only declaration
StemRing	Concentricity/StemRing.lean:49	def	OTHER	stem	def	Subalgebra ℝ (ℂ → ℂ) with carrier {F | Differentiable ℂ F ∧ IsIntrinsic F} — the ring 𝓡 (def:R) in stem encoding, pointwise operations.	The ambient ring sections are drawn from; Wang Rem 2.11 cited for faithfulness only (R9); CommRing checked by anonymous example line 67.
Octonion.instTopologicalSpace (anonymous instance)	Concentricity/WeldW3.lean:89	instance	OTHER	domain-H1	def	instance : TopologicalSpace Octonion := inferInstanceAs (TopologicalSpace (ℍ × ℍ)) — the product (= norm) topology of the Cayley–Dickson pair.	§W0 artifact-local topology, needed to state GPV paths γ : [a,b] → 𝕂∖{0} on the repo's Octonion.
Octonion.instContinuousAdd (anonymous instance)	Concentricity/WeldW3.lean:93	instance	OTHER	domain-H1	def	instance : ContinuousAdd Octonion, componentwise from ℍ's normed structure.	§W0 topology plumbing.
Octonion.instContinuousSMul (anonymous instance)	Concentricity/WeldW3.lean:98	instance	OTHER	domain-H1	def	instance : ContinuousSMul ℝ Octonion, componentwise from ℍ's normed ℝ-algebra structure.	§W0 topology plumbing.
